customerID,MultipleLines
5575-GNVDE,No
3668-QPYBK,No
9237-HQITU,No
9305-CDSKC,Yes
1452-KIOVK,Yes
7892-POOKP,Yes
6388-TABGU,No
9763-GRSKD,No
7469-LKBCI,No
8091-TTVAX,Yes
0280-XJGEX,Yes
5129-JLPIS,No
3655-SNQYZ,Yes
8191-XWSZG,No
9959-WOFKT,Yes
4190-MFLUW,No
4183-MYFRB,No
1680-VDCWW,No
1066-JKSGK,No
3638-WEABW,Yes
6322-HRPFA,No
6865-JZNKO,No
6467-CHFZW,Yes
5248-YGIJN,Yes
8773-HHUOZ,No
3841-NFECX,Yes
4929-XIHVW,No
6827-IEAUQ,No
7310-EGVHZ,No
3413-BMNZE,No
6234-RAAPL,Yes
6047-YHPVI,No
6572-ADKRS,No
5380-WJKOV,Yes
8168-UQWWF,Yes
8865-TNMNX,No
9489-DEDVP,Yes
9867-JCZSP,No
4671-VJLCL,Yes
4080-IIARD,Yes
3714-NTNFO,Yes
5948-UJZLF,No
7760-OYPDY,No
7639-LIAYI,Yes
2954-PIBKO,Yes
8012-SOUDQ,Yes
9420-LOJKX,No
6575-SUVOI,Yes
7495-OOKFY,Yes
4667-QONEA,No
1658-BYGOY,Yes
8769-KKTPH,Yes
5067-XJQFU,Yes
3957-SQXML,Yes
5954-BDFSG,Yes
0434-CSFON,Yes
1215-FIGMP,Yes
0557-ASKVU,No
5698-BQJOH,Yes
5122-CYFXA,No
8627-ZYGSZ,Yes
3410-YOQBQ,No
3170-NMYVV,No
7410-OIEDU,No
2273-QCKXA,No
0731-EBJQB,No
1891-QRQSA,Yes
8028-PNXHQ,Yes
5630-AHZIL,No
2673-CXQEU,Yes
6416-JNVRK,No
5590-ZSKRV,No
0191-ZHSKZ,No
3887-PBQAO,Yes
5919-TMRGD,No
9191-MYQKX,No
9919-YLNNG,No
0318-ZOPWS,No
4445-ZJNMU,Yes
4808-YNLEU,No
1862-QRWPE,No
2796-NNUFI,No
4767-HZZHQ,No
2424-WVHPL,No
7233-PAHHL,Yes
6067-NGCEU,Yes
9848-JQJTX,Yes
8637-XJIVR,Yes
9803-FTJCG,Yes
0278-YXOOG,No
3212-KXOCR,No
4598-XLKNJ,No
6380-ARCEH,No
3679-XASPY,No
7123-WQUHX,Yes
3192-NQECA,Yes
6728-DKUCO,Yes
8597-CWYHH,Yes
2848-YXSMW,No
0486-HECZI,Yes
4549-ZDQYY,No
5712-AHQNN,No
4846-WHAFZ,Yes
3071-VBYPO,No
5299-RULOA,Yes
8402-OOOHJ,No
9445-ZUEQE,Yes
1091-SOZGA,Yes
2928-HLDBA,No
0404-SWRVG,Yes
6497-TILVL,No
7219-TLZHO,No
4622-YNKIJ,No
4412-YLTKF,Yes
6734-PSBAW,Yes
3930-ZGWVE,No
2876-GZYZC,Yes
8587-XYZSF,No
2372-HWUHI,No
7799-LGRDP,Yes
7850-VWJUU,No
3774-VBNXY,No
6217-KDYWC,No
0390-DCFDQ,No
3146-MSEGF,Yes
4080-OGPJL,Yes
1095-WGNGG,Yes
2636-SJDOU,Yes
1131-QQZEB,Yes
5716-EZXZN,Yes
6837-BJYDQ,No
2135-RXIHG,No
6440-DKQGE,No
3466-BYAVD,No
3780-YVMFA,No
3874-EQOEP,Yes
1679-JRFBR,Yes
9073-ZZIAY,No
3077-RSNTJ,No
6551-GNYDG,No
9167-APMXZ,Yes
2749-CTKAJ,No
6371-NZYEG,No
7554-NEWDD,Yes
8992-VONJD,No
0867-MKZVY,Yes
4482-EWFMI,No
4648-YPBTM,Yes
2907-ILJBN,No
6345-FZOQH,No
3376-BMGFE,No
5997-OPVFA,Yes
1159-WFSGR,No
7654-YWJUF,No
1875-QIVME,Yes
6727-IOTLZ,No
0691-JVSYA,No
5918-VUKWP,No
1744-JHKYS,Yes
2656-FMOKZ,Yes
2070-FNEXE,No
5947-SGKCL,Yes
3712-PKXZA,No
6582-OIVSP,No
9367-WXLCH,Yes
5524-KHNJP,No
1918-ZBFQJ,No
4827-USJHP,No
0956-SYCWG,No
8017-UVSZU,Yes
7100-FQPRV,Yes
2472-OVKUP,No
2984-RGEYA,No
9680-NIAUV,Yes
2146-EGVDT,No
2604-IJPDU,No
9178-JHUVJ,Yes
6168-YBYNP,Yes
7255-SSFBC,Yes
3645-DEYGF,No
9323-HGFWY,No
8544-GOQSH,No
3363-DTIVD,Yes
7018-WBJNK,No
9142-KZXOP,No
7674-YTAFD,No
1285-OKIPP,No
7825-ECJRF,No
1347-KTTTA,No
7841-TZDMQ,No
7157-SMCFK,No
4709-LKHYG,No
2504-DSHIH,Yes
2040-LDIWQ,Yes
6496-JDSSB,No
9408-SSNVZ,No
4443-EMBNA,Yes
6469-MRVET,No
0742-MOABM,No
5961-VUSRV,No
6341-JVQGF,No
2232-DMLXU,No
4811-JBUVU,Yes
0945-TSONX,Yes
2651-ZCBXV,Yes
3316-UWXUY,No
8937-RDTHP,No
7083-MIOPC,No
1984-GPTEH,Yes
1251-KRREG,Yes
9903-LYSAB,Yes
0094-OIFMO,No
9227-UAQFT,No
7301-ABVAD,Yes
6614-FHDBO,Yes
7576-ASEJU,No
9058-HRZSV,No
4522-AKYLR,No
0221-WMXNQ,No
0303-UNCIP,Yes
9947-OTFQU,No
0322-YINQP,No
0959-WHOKV,Yes
4075-JFPGR,No
4629-NRXKX,No
3282-ZISZV,Yes
3675-YDUPJ,No
7017-VFHAY,Yes
6655-LHBYW,Yes
4959-JOSRX,No
3606-TWKGI,Yes
7529-ZDFXI,Yes
1950-KSVVJ,Yes
0123-CRBRT,Yes
6292-TOSSS,Yes
3197-ARFOY,No
6323-AYBRX,No
7014-ZZXAW,Yes
4385-GZQXV,No
7633-MVPUY,No
4716-HHKQH,Yes
5940-AHUHD,No
6432-TWQLB,Yes
4484-GLZOU,Yes
3179-GBRWV,No
4130-MZLCC,No
0314-TKOSI,No
8229-MYEJZ,No
2080-SRCDE,Yes
9577-WJVCQ,Yes
9512-UIBFX,No
6202-DYYFX,Yes
3808-HFKDE,No
5583-SXDAG,No
3488-PGMQJ,No
3580-REOAC,No
7534-BFESC,Yes
3727-OWVYD,No
2294-SALNE,No
4847-TAJYI,No
1563-IWQEX,No
8203-XJZRC,No
6556-DBKZF,No
6851-WEFYX,Yes
2985-JUUBZ,Yes
6390-DSAZX,No
0895-LMRSF,No
8098-LLAZX,Yes
8266-VBFQL,No
2240-HSJQD,Yes
1248-DYXUB,Yes
0265-EDXBD,Yes
4115-BNPJY,No
3167-SNQPL,Yes
4091-TVOCN,Yes
1098-TDVUQ,No
7277-OZCGZ,No
1557-EMYVT,Yes
2799-ARNLO,No
7563-BIUPC,No
5027-YOCXN,Yes
3973-SKMLN,No
2321-OMBXY,No
2840-XANRC,No
6745-JEFZB,Yes
5020-ZSTTY,Yes
8705-WZCYL,No
7102-JJVTX,No
4983-CLMLV,Yes
5701-YVSVF,No
5804-LEPIM,No
2739-CACDQ,Yes
9385-EHGDO,No
9498-FIMXL,No
2379-GYFLQ,Yes
0122-OAHPZ,Yes
2868-SNELZ,Yes
4322-RCYMT,Yes
6680-NENYN,Yes
2088-IEBAU,Yes
7982-VCELR,No
1343-EHPYB,Yes
6035-BXTTY,No
6885-PKOAM,Yes
7520-HQWJU,Yes
9639-BUJXT,No
5924-SNGKP,No
0021-IKXGC,Yes
2034-GDRCN,No
8966-SNIZF,No
4654-DLAMQ,No
0513-RBGPE,Yes
5160-UXJED,No
4115-NZRKS,No
0219-YTZUE,Yes
4572-DVCGN,No
3351-NGXYI,Yes
8984-EYLLL,Yes
9833-TGFHX,Yes
9294-TDIPC,No
5229-DTFYB,No
0104-PPXDV,No
5176-LMJXE,No
3583-KRKMD,No
1010-DIAUQ,No
9069-LGEUL,No
7302-ZHMHP,No
9571-EDEBV,Yes
3520-FJGCV,Yes
6563-VRERX,No
0259-GBZSH,Yes
2805-EDJPQ,Yes
6862-CQUMB,No
7156-MXBJE,Yes
9601-BRXPO,Yes
2863-IMQDR,Yes
5686-CMAWK,Yes
5651-CRHKQ,No
6905-NIQIN,No
5167-ZFFMM,Yes
6583-SZVGP,Yes
4895-TMWIR,No
0533-BNWKF,Yes
8782-LKFPK,Yes
5522-JBWMO,No
3597-MVHJT,Yes
9774-NRNAU,Yes
0224-RLWWD,No
9967-ATRFS,No
3951-NJCVI,Yes
2977-CEBSX,Yes
0177-PXBAT,Yes
6599-CEBNN,No
5876-QMYLD,No
2277-AXSDC,No
9442-JTWDL,No
0979-PHULV,Yes
3067-SVMTC,No
5495-GPSRW,No
7606-BPHHN,No
4742-DRORA,Yes
0111-KLBQG,No
4800-VHZKI,No
7989-CHGTL,No
0334-GDDSO,Yes
4163-NCJAK,Yes
5233-AOZUF,Yes
5973-EJGDP,Yes
1996-DBMUS,No
7916-VCCPB,No
4686-GEFRM,Yes
5249-QYHEX,Yes
0578-SKVMF,No
5564-NEMQO,No
2233-FAGXV,Yes
5605-IYGFG,No
7663-ZTEGJ,Yes
3935-TBRZZ,Yes
2055-SIFSS,Yes
2806-MLNTI,Yes
8734-DKSTZ,Yes
4360-PNRQB,Yes
6152-ONASV,Yes
9063-ZGTUY,No
2181-UAESM,No
2957-LOLHO,No
6048-NJXHX,No
4980-URKXC,No
4376-KFVRS,Yes
5886-VLQVU,Yes
3577-AMVUX,No
0771-WLCLA,Yes
5628-RKIFK,Yes
0206-TBWLC,Yes
2937-FTHUR,Yes
1910-FMXJM,No
7752-XUSCI,Yes
4110-PFEUZ,No
0732-OCQOC,Yes
5168-MSWXT,No
1090-ESELR,No
8592-PLTMQ,Yes
5760-WRAHC,No
0256-LTHVJ,No
4785-FCIFB,Yes
8313-NDOIA,Yes
5149-CUZUJ,No
0942-KOWSM,No
4237-CLSMM,No
1452-VOQCH,Yes
4719-UMSIY,No
6614-VBEGU,No
0880-TKATG,Yes
3811-VBYBZ,Yes
1480-BKXGA,Yes
9076-AXYIK,Yes
5968-XQIVE,Yes
8896-RAZCR,No
4640-UHDOS,No
4933-IKULF,No
3583-EKAPL,No
1304-BCCFO,No
4104-PVRPS,No
9399-APLBT,No
2359-KMGLI,Yes
3780-DDGSE,No
4431-EDMIQ,No
0306-JAELE,No
6227-HWPWX,No
0486-LGCCH,No
4612-SSVHJ,No
5168-MQQCA,Yes
5949-XIKAE,No
7971-HLVXI,Yes
9094-AZPHK,Yes
3649-JPUGY,Yes
8372-JUXUI,Yes
3552-CTCYF,Yes
6778-YSNIH,No
0388-EOPEX,No
5756-OZRIO,Yes
6579-JPICP,No
4134-BSXLX,No
0505-SPOOW,No
7783-YKGDV,Yes
4374-YMUSQ,Yes
4513-CXYIX,Yes
3957-HHLMR,Yes
7803-XOCCZ,No
5736-YEJAX,Yes
5609-CEBID,Yes
8981-FJGLA,Yes
7218-HKQFK,No
4636-QRJKY,Yes
1135-LMECX,No
4332-MUOEZ,No
8535-SFUTN,Yes
5956-VKDTT,Yes
8677-HDZEE,Yes
2475-MROZF,Yes
9412-GHEEC,Yes
3482-ABPKK,No
6705-LXORM,No
0257-ZESQC,No
7531-GQHME,No
5174-ITUMV,Yes
4109-CYRBD,Yes
0913-XWSCN,Yes
6825-UYPFK,Yes
8397-MVTAZ,Yes
0750-EBAIU,No
8606-CIQUL,Yes
3571-DPYUH,Yes
7601-GNDYK,No
0356-OBMAC,Yes
8067-NIOYM,No
1403-GYAFU,No
4234-XTNEA,No
1297-VQDRP,Yes
9282-IZGQK,Yes
5348-CAGXB,Yes
0621-HJWXJ,Yes
5844-QVTAT,No
8905-IAZPF,No
5394-MEITZ,No
6859-QNXIQ,Yes
2782-LFZVW,Yes
2866-IKBTM,No
1342-JPNKI,Yes
7129-AZJDE,No
6986-IJDHX,No
2560-PPCHE,Yes
4676-MQUEA,Yes
8138-EALND,No
3580-HYCSP,Yes
1352-HNSAW,Yes
2075-PUEPR,No
1982-FEBTD,Yes
5301-GAUUY,Yes
5791-KAJFD,Yes
2654-VBVPB,No
1154-HYWWO,No
2501-XWWTZ,No
3716-UVSPD,No
6815-ABQFQ,Yes
7343-EOBEU,Yes
3701-SFMUH,No
6103-LIANB,Yes
7319-VENRZ,No
5846-NEQVZ,No
6967-QIQRV,No
5781-RFZRP,Yes
0939-YAPAF,Yes
7293-LSCDV,No
7025-WCBNE,Yes
5756-JYOJT,No
4710-FDUIZ,Yes
6030-REHUX,Yes
9548-LIGTA,No
5150-LJNSR,Yes
8270-RKSAP,No
6522-YRBXD,Yes
2640-LYMOV,No
1218-VKFPE,No
3627-FHKBK,No
2865-TCHJW,Yes
1423-BMPBQ,No
2393-DIVAI,No
5192-EBGOV,Yes
4568-KNYWR,No
8752-IMQOS,No
0742-LAFQK,Yes
0795-LAFGP,Yes
0619-OLYUR,Yes
5512-IDZEI,Yes
0459-SPZHJ,Yes
0215-BQKGS,No
9244-ZVAPM,No
0719-SYFRB,Yes
5172-MIGPM,Yes
1710-RCXUS,Yes
0374-FIUCA,No
5839-SUYVZ,No
5173-ZXXXL,No
1096-ADRUX,Yes
2001-MCUUW,Yes
2731-GJRDG,Yes
4723-BEGSG,Yes
6516-NKQBO,No
8672-OAUPW,No
8207-DMRVL,Yes
3419-SNJJD,Yes
4765-OXPPD,No
2804-ETQDK,No
6689-VRRTK,Yes
7138-GIRSH,Yes
9396-ZSFLL,Yes
7134-MJPDY,Yes
5240-CAOYT,Yes
4059-IIEBK,Yes
0516-UXRMT,Yes
4851-BQDNX,No
5148-HKFIR,No
1009-IRMNA,No
3003-CMDUU,No
5016-IBERQ,Yes
6797-UCJHZ,Yes
2469-DTSGX,Yes
4554-YGZIH,Yes
5099-BAILX,Yes
9931-KGHOA,Yes
1775-KWJKQ,Yes
7665-VIGUD,No
7207-RMRDB,Yes
7954-MLBUN,No
2077-DDHJK,Yes
4913-EHYUI,Yes
0195-IESCP,Yes
9574-BOSMD,Yes
4580-TMHJU,No
0970-ETWGE,No
4908-XAXAY,No
8404-VLQFB,Yes
1626-ERCMM,Yes
0887-HJGAR,No
2391-IPLOP,Yes
5644-PDMZC,Yes
3509-GWQGF,No
9576-ANLXO,No
2024-BASKD,No
5845-BZZIB,No
1140-UKVZG,Yes
4160-AMJTL,No
5183-SNMJQ,No
8100-PNJMH,Yes
7838-LAZFO,No
4464-JCOLN,No
2085-JVGAD,No
8095-WANWK,No
3030-ZKIWL,No
9565-FLVCG,Yes
8755-OGKNA,No
2800-VEQXM,No
7538-GWHML,No
3859-CVCET,No
5642-MHDQT,No
3088-FVYWK,Yes
3276-HDUEG,Yes
9092-GDZKO,Yes
3729-OWRVL,Yes
2324-AALNO,Yes
5760-IFJOZ,Yes
2826-UWHIS,Yes
1448-PWKYE,No
7501-IWUNG,No
4957-TREIR,No
7251-LJBQN,Yes
8040-MNRTF,No
1536-HBSWP,No
5313-FPXWG,Yes
0067-DKWBL,No
5076-YVXCM,Yes
8262-COGGB,No
6663-JOCQO,Yes
9620-QJREV,No
2276-YDAVZ,Yes
2682-KEVRP,No
2480-JZOSN,No
0078-XZMHT,Yes
5896-NPFWW,No
9978-HYCIN,No
8338-QIUNR,Yes
1525-LNLOJ,Yes
9450-TRJUU,Yes
1766-GKNMI,Yes
6942-LBFDP,No
1456-TWCGB,No
7133-VBDCG,No
7596-ZYWBB,No
8329-UTMVM,Yes
3014-WJKSM,No
3347-YJZZE,Yes
1029-QFBEN,No
7929-DMBCV,No
9661-JALZV,Yes
5433-KYGHE,Yes
4312-KFRXN,Yes
5575-TPIZQ,Yes
9944-AEXBM,Yes
6952-OMNWB,Yes
4697-LUPSU,No
8434-VGEQQ,No
4952-YSOGZ,Yes
1589-AGTLK,No
5244-IRFIH,Yes
6549-YMFAW,No
4950-HKQTE,Yes
6786-OBWQR,No
2684-EIWEO,Yes
2753-JMMCV,Yes
6439-GTPCA,Yes
6621-YOBKI,No
1216-JWVUX,No
7564-GHCVB,Yes
1173-NOEYG,Yes
6647-ZEDXT,Yes
2521-NPUZR,No
1307-TVUFB,Yes
7503-MIOGA,Yes
4381-MHQDC,Yes
6923-JHPMP,No
5138-WVKYJ,Yes
4018-PPNDW,Yes
1635-FJFCC,No
2499-AJYUA,Yes
6919-ELBGL,Yes
3966-HRMZA,No
6425-JWTDV,No
8405-IGQFX,No
8224-IVVPA,No
9477-LGWQI,No
1410-RSCMR,No
3115-CZMZD,No
0139-IVFJG,No
6683-VLCTZ,Yes
5730-DBDSI,No
0030-FNXPP,No
2189-WWOEW,No
5684-FJVYR,Yes
4013-GUXND,No
1894-IGFSG,No
7379-POKDZ,No
1266-NZYUI,Yes
7969-FFOWG,No
5175-WLYXL,Yes
7817-OMJNA,No
8728-SKJLR,No
3137-NYQQI,No
7706-DZNKK,No
0236-HFWSV,Yes
3900-AQPHZ,No
5842-POCOP,No
2037-XJFUP,No
8823-RLPWL,Yes
7314-OXENN,Yes
3758-CKOQL,Yes
0322-CHQRU,No
5676-CFLYY,No
7521-AFHAB,No
0285-INHLN,No
4678-DVQEO,No
0691-IFBQW,Yes
4992-LTJNE,Yes
2202-OUTMO,Yes
0810-BDHAW,Yes
0229-LFJAF,Yes
3442-ZHHCC,Yes
5726-CVNYA,No
9871-ELEYA,No
5173-WXOQV,No
2040-OBMLJ,Yes
6286-ZHAOK,Yes
3807-XHCJH,No
3009-JWMPU,Yes
5671-RQRLP,Yes
1450-GALXR,Yes
8859-AXJZP,Yes
3174-AKMAS,No
3138-BKYAV,No
9926-PJHDQ,Yes
7382-DFJTU,No
2798-NYLMZ,Yes
4289-DTDKW,Yes
1820-TQVEV,No
2239-JALAW,Yes
4853-RULSV,Yes
8098-TDCBU,Yes
4785-NKHCX,No
3196-NVXLZ,Yes
6275-YDUVO,No
0036-IHMOT,No
0115-TFERT,Yes
4178-EGMON,Yes
4220-TINQT,Yes
5318-YKDPV,No
7975-TZMLR,Yes
0295-QVKPB,No
4335-BSMJS,Yes
2311-QYMUQ,No
3643-AHCFP,Yes
9146-JRIOX,Yes
3104-OWCGK,No
9101-BWFSS,Yes
9650-VBUOG,Yes
3487-EARAT,No
2672-TGEFF,Yes
9231-ZJYAM,No
4250-WAROZ,Yes
8184-WMOFI,No
6982-SSHFK,No
6092-QZVPP,No
4625-LAMOB,No
0727-BMPLR,Yes
0392-BZIUW,Yes
1038-ZAGBI,No
3027-ZTDHO,No
0422-OHQHQ,No
6916-HIJSE,No
9778-OGKQZ,Yes
7408-OFWXJ,Yes
6007-TCTST,Yes
2252-NKNSI,Yes
8713-IGZSO,Yes
7905-TVXTA,No
7695-PKLCZ,No
2382-BCKQJ,Yes
8374-UULRV,Yes
2207-NHRJK,No
3224-DFQNQ,Yes
4795-UXVCJ,No
9777-IQHWP,Yes
0947-MUGVO,No
9944-HKVVB,No
4124-MMETB,Yes
3671-SHRSP,No
2732-ISEZX,No
3313-QKNKB,Yes
0323-XWWTN,Yes
1937-OTUKY,Yes
1573-LGXBA,No
1764-VUUMT,No
4713-ZBURT,Yes
0207-MDKNV,No
7945-HLKEA,Yes
9342-VNIMQ,Yes
9851-KIELU,No
3523-BRGUW,No
3908-BLSYF,No
3199-NPKCN,Yes
4661-NJEUX,No
2123-AGEEN,No
1258-YMZNM,Yes
0048-LUMLS,No
7549-MYGPK,Yes
5898-IGSLP,Yes
3804-RVTGV,Yes
6259-WJQLC,Yes
7997-EASSD,Yes
0730-KOAVE,Yes
8975-SKGRX,Yes
0678-RLHVP,Yes
4315-MURBD,No
2267-FPIMA,Yes
1051-GEJLJ,No
9734-YWGEX,Yes
2719-BDAQO,No
5285-MVEHD,No
0379-DJQHR,No
0781-LKXBR,Yes
5543-QDCRY,No
0297-RBCSG,No
4694-PHWFW,No
0835-JKADZ,Yes
1907-UBQFC,No
7508-SMHXL,Yes
3865-YIOTT,Yes
5993-BQHEA,No
6024-RUGGH,Yes
6513-EECDB,Yes
3956-CJUST,No
6103-BOCOU,Yes
5149-TGWDZ,No
7471-WNSUF,Yes
8942-DBMHZ,No
4301-VVZKA,Yes
9199-PWQVC,Yes
4824-GUCBY,No
5393-HJZSM,No
7074-IEVOJ,Yes
9625-QSTYE,No
0862-PRCBS,Yes
8812-ZRHFP,No
5146-CBVOE,No
0454-OKRCT,No
5787-KXGIY,No
4750-ZRXIU,Yes
6630-UJZMY,Yes
5709-LVOEQ,No
6400-BWQKW,Yes
2692-AQCPF,Yes
0347-UBKUZ,No
0835-DUUIQ,No
7567-ECMCM,No
6353-BRMMA,Yes
6680-WKXRZ,Yes
6231-WFGFH,No
9904-EHEVJ,Yes
7028-DVOIQ,Yes
6169-PPETC,No
4208-UFFGW,No
8584-KMVXD,No
8467-WYNSR,No
0851-DFJKB,No
5382-SOYZL,Yes
9448-REEVD,No
3261-CQXOL,Yes
8388-FYNPZ,No
4002-BQWPQ,Yes
5651-YLPRD,No
4378-BZYFP,No
9489-UTFKA,No
4849-PYRLQ,Yes
9117-SHLZX,No
9889-TMAHG,No
4541-RMRLG,No
7764-BDPEE,No
3429-IFLEM,No
3158-MOERK,Yes
7294-TMAOP,No
5002-GCQFH,Yes
0556-FJEGU,No
0604-THJFP,No
2834-JRTUA,Yes
5875-YPQFJ,No
5879-SESNB,Yes
6646-QVXLR,Yes
6461-PPAXN,No
3318-ISQFQ,No
1106-HRLKZ,No
2483-XSSMZ,No
8603-IJWDN,Yes
8165-ZJRNM,Yes
9369-XFEHK,Yes
2604-XVDAM,No
3717-OFRTN,No
9046-JBFWA,No
3280-NMUVX,No
1206-EHBDD,No
8361-LBRDI,Yes
4883-KCPZJ,Yes
9108-EQPNQ,Yes
7277-KAMWT,No
3842-IYKUE,Yes
6641-XRPSU,No
1374-DMZUI,Yes
2545-LXYVJ,No
3234-VKACU,No
8357-EQXFO,No
1989-PRJHP,Yes
8120-JDCAM,No
8917-FAEMR,No
7047-YXDMZ,No
2858-EIMXH,Yes
9524-EGPJC,Yes
6993-OHLXR,No
8818-XYFCQ,Yes
6419-ZTTLE,No
0929-HYQEW,No
7426-RHZGU,No
4065-JJAVA,No
4695-VADHF,No
3863-IUBJR,No
7649-SIJJF,Yes
9361-YNQWJ,Yes
9391-TTOYH,No
1452-XRSJV,No
3422-WJOYD,No
8242-SOQUO,No
7460-ITWWP,No
7147-AYBAA,No
7868-TMWMZ,No
4822-RVYBB,Yes
6732-FZUGP,Yes
8436-BJUMM,Yes
4184-TJFAN,No
8329-GWVPJ,No
1352-VHKAJ,Yes
4145-UQXUQ,No
2632-TACXW,Yes
8146-QQKZH,No
1767-CJKBA,Yes
6445-TNRXS,Yes
4869-EPIUS,No
9948-YPTDG,No
1236-WFCDV,No
1915-OAKWD,No
7296-PIXQY,No
4883-QICIH,No
3354-OADJP,No
3524-WQDSG,Yes
0810-DHDBD,Yes
4026-SKKHW,No
2829-HYVZP,No
8329-IBCTI,No
7013-PSXHK,Yes
5981-ITEMU,Yes
3486-NPGST,No
6941-PMGEP,No
1624-WOIWJ,No
2074-GKOWZ,No
0376-YMCJC,Yes
6100-FJZDG,No
4829-ZLJTK,Yes
1730-VFMWO,No
7143-BQIBA,No
3800-LYTRK,No
0634-SZPQA,Yes
9646-NMHXE,No
7030-NJVDP,No
5536-RTPWK,Yes
8883-GRDWQ,No
6166-ILMNY,No
3097-NNSPB,No
0655-RBDUG,Yes
2111-DWYHN,No
4194-WHFCB,Yes
4121-AGSIN,Yes
4361-BKAXE,Yes
9845-PEEKO,Yes
0455-XFASS,No
0301-KOBTQ,No
1751-NCDLI,Yes
4367-NUYAO,Yes
9878-TNQGW,No
9170-ARBTB,No
4441-NIHPT,No
8999-BOHSE,No
7241-AJHFS,Yes
7029-RPUAV,Yes
4546-FOKWR,Yes
9036-CSKBW,Yes
5832-TRLPB,No
8590-YFFQO,No
8659-IOOPU,Yes
1338-CECEE,Yes
7439-DKZTW,No
4646-QZXTF,No
4607-CHPCA,No
9742-XOKTS,Yes
6921-OZMFH,Yes
9578-FOMUK,Yes
4712-UYOOI,No
8824-RWFXJ,No
7722-CVFXN,Yes
8717-VCTXJ,No
7363-QTBIW,No
4159-NAAIX,Yes
0971-QIFJK,Yes
9397-TZSHA,Yes
3391-JSQEW,No
9763-PDTKK,No
2176-LVPNX,Yes
7627-JKIAZ,Yes
3312-UUMZW,Yes
1271-UODNO,Yes
8461-EFQYM,Yes
6900-RBKER,Yes
6891-JPYFF,Yes
1047-NNCBF,No
3696-XRIEN,Yes
0074-HDKDG,No
8791-GFXLZ,No
8111-SLLHI,Yes
0927-LCSMG,No
9330-DHBFL,No
0098-BOWSO,No
3452-ABWRL,Yes
5859-HZYLF,No
8257-RZAHR,Yes
5293-WXJAK,Yes
3156-QLHBO,No
2208-NQBCT,No
1779-PWPMG,Yes
6621-NRZAK,No
0831-JNISG,No
0774-IFUVM,Yes
3082-WQRVY,No
9553-DLCLU,Yes
1641-BYBTK,No
2460-NGXBJ,Yes
2446-ZKVAF,Yes
3522-CDKHF,No
0411-EZJZE,Yes
7851-WZEKY,Yes
8844-TONUD,No
8992-CEUEN,No
4320-QMLLA,No
8777-PVYGU,No
8292-ITGYJ,Yes
6870-ZWMNX,Yes
0621-CXBKL,No
5268-DSMNQ,Yes
5334-JLAXU,Yes
4086-YQSNZ,No
6242-MBHPK,No
9359-UGBTK,No
0135-NMXAP,Yes
4782-OSFXZ,Yes
6479-OAUSD,No
7129-ACFOG,Yes
4189-NAKJS,Yes
5562-BETPV,No
9127-FHJBZ,Yes
6270-OMFIW,No
1641-RQDAY,Yes
0107-WESLM,No
6994-ORCWG,Yes
1346-UFHAX,Yes
3992-YWPKO,Yes
2933-XEUJM,Yes
0125-LZQXK,No
5461-QKNTN,Yes
4835-YSJMR,No
8399-YNDCH,No
0887-WBJVH,No
4660-IRIBM,No
5673-FSSMF,Yes
7670-ZBPOQ,Yes
8089-UZWLX,Yes
0080-OROZO,No
3916-NRPAP,No
6807-SIWJI,Yes
8221-HVAYI,Yes
1579-KLYDT,Yes
5232-NXPAY,No
8967-SZQAS,No
4468-KAZHE,No
0455-ENTCR,Yes
8944-AILEF,No
5542-NKVRU,No
7126-RBHSD,Yes
5370-IIVVL,Yes
6789-HJBWG,No
3927-NLNRY,No
9087-EYCPR,Yes
6358-LYNGM,Yes
6077-BDPXA,No
0013-MHZWF,No
5494-HECPR,No
8268-YDIXR,Yes
9824-BEMCV,No
1373-ORVIZ,Yes
4291-SHSBH,No
6980-IMXXE,No
9866-QEVEE,Yes
9897-KXHCM,No
0040-HALCW,No
0784-GTUUK,Yes
7979-CORPM,Yes
2294-DMMUS,Yes
0872-JCPIB,Yes
9091-WTUUY,No
1618-CFHME,Yes
3165-HDOEW,No
7115-IRDHS,Yes
8496-DMZUK,Yes
2040-VZIKE,Yes
9068-VPWQQ,Yes
0178-SZBHO,Yes
0384-RVBPI,No
1689-MRZQR,No
1299-AURJA,Yes
4525-VZCZG,No
1543-LLLFT,Yes
5835-BEQEU,Yes
2788-CJQAQ,No
5565-FILXA,Yes
0319-QZTCO,No
2120-SMPEX,No
0096-FCPUF,Yes
5552-ZNFSJ,No
2223-KAGMX,No
6507-ZJSUR,No
9408-HRXRK,Yes
5593-SUAOO,Yes
7321-PKUYW,Yes
2833-SLKDQ,No
6766-HFKLA,Yes
7595-EUIVN,No
7617-EYGLW,No
2026-TGDHM,No
9220-ZNKJI,No
2226-ICFDO,Yes
5529-GIBVH,No
4187-CINZD,No
9992-UJOEL,No
4741-WWJQZ,No
6625-UTXEW,No
6818-WOBHJ,Yes
6244-BESBM,No
1004-NOZNR,No
1251-STYSZ,Yes
2612-PHGOX,Yes
2408-TZMJL,Yes
8480-PPONV,Yes
8780-IHCRN,Yes
1257-SXUXQ,No
9681-KYGYB,Yes
7182-OVLBJ,Yes
5095-ETBRJ,No
7005-CYUIL,No
4821-WQOYN,No
3452-FLHYD,No
2388-LAESQ,Yes
9531-NSBMR,No
6260-ONULR,No
4389-UEFCZ,Yes
8711-LOBKY,No
9134-CEQMF,No
8985-OOPOS,No
8800-ZKRFW,Yes
2616-FLVQC,No
9968-FFVVH,Yes
3108-PCCGG,Yes
7993-PYKOF,No
8390-FESFV,Yes
3022-BEXHZ,Yes
5027-XWQHA,No
6248-TKCQV,Yes
6729-GDNGC,No
6198-ZFIOJ,Yes
4566-QVRRW,No
1291-CUOCY,Yes
9795-SHUHB,No
3230-IUALN,No
0042-RLHYP,No
8519-IMDHU,Yes
4945-RVMTE,No
0201-OAMXR,Yes
1866-NXPSP,No
3372-KWFBM,Yes
7831-QGOXH,Yes
6393-WRYZE,Yes
1661-CZBAU,Yes
6599-RCLCJ,Yes
9831-BPFRI,Yes
5158-RIVOP,No
9788-YTFGE,No
9277-JOOMO,Yes
1907-YLNYW,No
1725-MIMXW,No
8947-YRTDV,No
3161-ONRWK,No
0114-RSRRW,No
4565-NLZBV,Yes
0031-PVLZI,No
7206-GZCDC,No
4791-QRGMF,Yes
6475-VHUIZ,No
3910-MRQOY,No
0661-WCQNQ,No
4656-CAURT,Yes
4671-LXRDQ,No
3733-LSYCE,No
6265-FRMTQ,No
1934-SJVJK,No
3838-OZURD,Yes
9269-CQOOL,No
2017-CCBLH,No
7690-KPNCU,No
0536-BGFMZ,No
2293-IJWPS,Yes
2845-HSJCY,Yes
5469-NUJUR,No
1184-PJVDB,No
4102-HLENU,Yes
7266-GSSJX,No
7073-QETQY,No
9415-DPEWS,Yes
5624-RYAMH,No
0196-JTUQI,Yes
7130-YXBRO,Yes
9272-LSVYH,No
7943-RQCHR,Yes
3793-MMFUH,Yes
3249-ZPQRG,Yes
2568-BRGYX,No
3084-DOWLE,Yes
1084-MNSMJ,No
7249-WBIYX,Yes
4238-HFHSN,Yes
6250-CGGUN,No
5478-JJVZK,Yes
7596-IIWYC,No
6567-HOOPW,No
9793-WECQC,No
4291-HPAXL,No
8999-YPYBV,No
1839-FBNFR,No
3164-AALRN,No
3071-MVJCD,Yes
1697-BCSHV,Yes
1131-SUEKT,No
3717-OEAUQ,No
4538-WNTMJ,Yes
3334-CTHOL,Yes
4704-ERYFC,No
9432-RUVSL,No
8060-HIWJJ,Yes
7684-XSZIY,Yes
9089-UOWJG,No
8621-MNIHH,Yes
8039-ACLPL,No
9885-AIBVB,Yes
1934-MKPXS,No
2592-YKDIF,No
2272-JKMSI,Yes
0471-LVHGK,Yes
9518-RWHZL,Yes
8714-CTZJW,No
3569-EDBPQ,Yes
3131-NWVFJ,No
7521-YXVZY,No
5419-CONWX,No
2373-NTKOD,No
1970-KKFWL,Yes
6960-HVYXR,Yes
9337-SRRNI,Yes
5678-VFNEQ,Yes
5977-CKHON,Yes
7024-OHCCK,Yes
2692-BUCFV,No
7861-UVUFT,No
1830-GGFNM,Yes
5302-BDJNT,Yes
5223-UZAVK,No
5651-WYIPH,No
9350-VLHMB,Yes
3498-LZGQZ,No
8785-CJSHH,Yes
5357-TZHPP,Yes
3870-SPZSI,Yes
0680-DFNNY,Yes
7560-QRBXH,No
7077-XJMET,No
8752-GHJFU,Yes
6896-SRVYQ,No
7767-UXAGJ,Yes
4652-ODEVH,Yes
6510-UPNKS,Yes
6718-BDGHG,Yes
9046-DQMTP,No
6439-LAJXL,No
1571-SAVHK,Yes
9052-VKDUW,Yes
9546-CQJSU,Yes
1666-JZPZT,Yes
5777-KJIRB,No
0506-LVNGN,No
7677-SJJJK,No
2480-EJWYP,Yes
3253-HKOKL,No
7055-HNEOJ,No
5514-YQENT,No
3211-AAPKX,Yes
8445-DNBAE,Yes
2951-QOQTK,Yes
2958-NHPPS,No
6806-YDEUL,No
1735-XMJVH,No
6890-PFRQX,Yes
5899-OUVKV,No
8681-ICONS,No
1621-YNCJH,Yes
3473-XIIIT,Yes
6362-QHAFM,Yes
7893-IXHRQ,No
3070-BDOQC,No
2952-QAYZF,Yes
6234-PFPXL,Yes
9824-QCJPK,No
4763-PGDPO,No
4283-IVYCI,No
1866-OBPNR,No
8205-MQUGY,No
8970-ANWXO,Yes
9480-BQJEI,Yes
5394-SVGJV,Yes
6979-TNDEU,No
9777-WJJPR,Yes
9283-LZQOH,Yes
7079-QRCBC,Yes
9495-SKLKD,Yes
6048-UWKAL,Yes
5067-DGXLL,No
5469-CTCWN,Yes
9851-QXEEQ,Yes
9290-SHCMB,No
0743-HNPFG,No
2277-BKJKN,No
9809-IMGCQ,Yes
5208-HFSBT,No
5035-PGZXH,Yes
8695-WDYEA,No
6543-JXSOO,No
8016-ZMGMO,Yes
8605-ITULD,No
3254-YRILK,Yes
6416-YJTTB,No
2667-WYLWJ,No
4472-VESGY,Yes
3195-TQDZX,No
3128-YOVTD,No
0529-ONKER,Yes
1728-CXQBE,Yes
5014-GSOUQ,No
5724-BIDBU,Yes
0481-SUMCB,Yes
1769-GRUIK,No
5240-IJOQT,Yes
7427-AUFPY,No
2811-POVEX,No
1092-GANHU,No
7898-PDWQE,Yes
9972-EWRJS,No
9314-IJWSQ,Yes
5799-JRCZO,No
1921-KYSAY,Yes
6198-RTPMF,Yes
2924-KHUVI,Yes
1925-GMVBW,No
6184-DYUOB,No
9207-ZPANB,Yes
5766-XQXMQ,No
9327-QSDED,No
1656-DRSMG,Yes
3012-VFFMN,No
2984-AFWNC,No
0640-YJTPY,No
8096-LOIST,No
9764-REAFF,No
3703-VAVCL,No
7107-UBYKY,Yes
4881-GQJTW,No
8519-QJGJD,No
7876-DNYAP,No
7905-NJMXS,Yes
2882-WDTBA,No
2091-GPPIQ,Yes
6326-MTTXK,Yes
5071-FBJFS,No
2796-UUZZO,No
2429-AYKKO,No
9798-OPFEM,No
0330-IVZHA,No
3794-NFNCH,No
5193-QLVZB,Yes
7114-AEOZE,No
2886-KEFUM,Yes
5522-NYKPB,No
4237-RLAQD,No
9957-YODKZ,Yes
6518-KZXCB,Yes
2245-ADZFJ,Yes
7776-QGYJC,No
9313-QOLTZ,No
9651-GTSAQ,No
3186-BAXNB,No
4672-FOTSD,Yes
0637-YLETY,Yes
9818-XQCUV,No
1157-BQCUW,Yes
3223-DWFIO,No
2660-EMUBI,Yes
6968-GMKPR,No
4751-ERMAN,No
1436-ZMJAN,No
3292-PBZEJ,Yes
0799-DDIHE,No
3070-FNFZQ,No
2812-SFXMJ,No
7675-OZCZG,No
5014-WUQMG,No
5312-TSZVC,No
2003-CKLOR,No
0993-OSGPT,No
9254-RBFON,No
1205-WNWPJ,No
9391-EOYLI,No
7108-DGVUU,Yes
5127-BZENZ,Yes
2720-FVBQP,Yes
4522-XRWWI,Yes
3766-EJLFL,Yes
5939-SXWHM,Yes
8152-UOBNY,Yes
7351-KYHQH,No
7643-RCHXS,No
8246-SHFGA,No
8387-MOJJT,No
0620-XEFWH,No
6485-QXWWE,Yes
2761-OCIAX,No
7321-VGNKU,No
5327-CNLUQ,Yes
7552-KEYGT,No
5816-JMLGY,No
3068-OMWZA,Yes
2927-QRRQV,Yes
6032-KRXXO,No
7459-RRWQZ,Yes
6265-SXWBU,Yes
7941-RCJOW,No
6374-NTQLP,No
4154-AQUGT,No
2387-KDZQY,No
3584-WKTTW,Yes
3399-BMLVW,No
1971-DTCZB,Yes
3092-IGHWF,Yes
3374-PZLXD,No
2812-REYAT,No
6518-PPLMZ,No
4939-KYYPY,Yes
8017-LXHFA,No
5930-GBIWP,Yes
6352-TWCAU,Yes
2361-UPSND,No
6035-RIIOM,Yes
2929-QNSRW,Yes
1262-OPMFY,No
9504-DSHWM,Yes
5035-BVCXS,No
6267-DCFFZ,Yes
3533-UVMOM,No
2439-LYPMQ,Yes
4248-QPAVC,Yes
1899-VXWXM,Yes
1478-VPOAD,No
2988-PLAHS,No
1371-OJCEK,Yes
8883-ANODQ,Yes
4690-LLKUA,No
2351-RRBUE,No
5980-BDHPY,Yes
1498-DQNRX,No
9469-WEJBT,No
3331-HQDTW,Yes
9490-DFPMD,Yes
2581-VKIRT,Yes
5442-XSDCW,No
7426-WEIJX,Yes
2851-MMUTZ,No
3049-NDXFL,Yes
8580-AECUZ,No
6625-FLENO,No
2967-MXRAV,No
7963-GQRMY,No
8189-HBVRW,Yes
4163-KIUHY,Yes
1228-FZFRV,Yes
3500-NSDOA,Yes
1171-TYKUR,Yes
3761-FLYZI,Yes
2058-DCJBE,No
5364-XYIRR,Yes
4829-AUOAX,Yes
1219-NNDDO,Yes
8388-DMKAE,No
4403-BWPAY,Yes
9659-QEQSY,Yes
5405-ZMYXQ,Yes
5047-LHVLY,No
1442-OKRJE,No
4737-AQCPU,Yes
9158-VCTQB,Yes
2808-CHTDM,Yes
6311-UEUME,No
0793-TWELN,Yes
3283-WCWXT,Yes
1060-ENTOF,Yes
0999-QXNSA,No
5451-MHQOF,Yes
4836-WNFNO,Yes
9225-BZLNZ,Yes
0354-VXMJC,No
4422-QVIJA,Yes
9365-SRSZE,No
6839-ITVZJ,Yes
8332-OSJDW,Yes
4735-BJKOU,No
5740-YHGTW,Yes
8917-SZTTJ,No
7359-WWYJV,Yes
4906-ZHGPK,Yes
8593-WHYHV,Yes
3795-GWTRD,No
1298-PHBTI,Yes
6223-DHJGV,No
6961-MJKBO,No
6097-EQISJ,Yes
4423-YLHDV,Yes
0107-YHINA,Yes
4918-FYJNT,Yes
0727-BNRLG,Yes
4854-CIDCF,No
8640-SDGKB,No
3280-MRDOF,Yes
6435-SRWBJ,Yes
9964-WBQDJ,Yes
6303-KFWSL,Yes
1702-CCFNJ,Yes
8932-CZHRQ,Yes
0386-CWRGM,No
5515-RUGKN,No
0404-AHASP,No
7279-NMVJC,No
2081-VEYEH,No
6407-UTSLV,No
4116-TZAQJ,No
2587-YNLES,No
7398-SKNQZ,Yes
5935-FCCNB,Yes
1958-RNRKS,Yes
5136-RGMZO,Yes
8345-MVDYC,No
8226-BXGES,Yes
3877-JRJIP,Yes
8375-DKEBR,No
9705-IOVQQ,Yes
1015-OWJKI,No
2040-XBAVJ,Yes
7551-JOHTI,No
8887-IPQNC,No
8646-JCOMS,Yes
9804-ICWBG,No
1222-KJNZD,No
0106-GHRQR,Yes
5318-IXUZF,No
3768-VHXQO,Yes
8952-WCVCD,No
2418-TPEUN,No
3963-RYFNS,Yes
3198-VELRD,Yes
8540-ZQGEA,No
1320-REHCS,Yes
4137-JOPHL,No
9436-ZBZCT,Yes
7801-CEDNV,No
2057-BOYKM,Yes
3658-QQJYD,No
1803-BGNBD,No
0134-XWXCE,No
6950-TWMYB,No
5848-FHRFC,No
2243-FNMMI,No
2511-MORQY,Yes
5356-KZCKT,Yes
9470-XCCEM,Yes
6519-CFDBX,No
3902-MIVLE,Yes
0409-WTMPL,Yes
8763-KIAFH,No
3669-WHAFY,Yes
3055-VTCGS,No
3144-KMTWZ,Yes
7279-BUYWN,Yes
7156-MHUGY,No
7198-GLXTC,No
2007-QVGAW,No
5207-PLSTK,No
2307-FYNNL,Yes
5605-XNWEN,Yes
2155-AMQRX,Yes
6181-AXXYF,Yes
5091-HFAZW,No
0516-VRYBW,No
2519-LBNQL,Yes
8623-ULFNQ,Yes
8380-PEFPE,No
5687-DKDTV,No
1568-LJSZU,Yes
7530-HDYDS,No
7789-HKSBS,Yes
7416-CKTEP,No
3096-IZETN,No
2348-KCJLT,No
8401-EMUWF,Yes
4193-IBKSW,Yes
5377-NDTOU,Yes
5922-ABDVO,Yes
2474-LCNUE,Yes
0839-QNXME,No
3506-OVLKD,Yes
9172-ANCRX,Yes
6650-VJONK,No
2178-PMGCJ,No
6016-LVTJQ,No
7860-KSUGX,Yes
8966-KZXXA,Yes
6910-HADCM,No
4816-LXZYW,Yes
9606-PBKBQ,Yes
5149-QYTTU,Yes
2070-XYMFH,Yes
2085-BOJKI,No
0817-HSUSE,No
5442-PPTJY,No
1927-QEWMY,No
1663-MHLHE,No
5663-QBGIS,Yes
4450-MDZFX,Yes
7554-AKDQF,No
3536-IQCTX,Yes
4911-BANWH,Yes
8496-EJAUI,No
0794-YVSGE,No
5423-BHIXO,Yes
6908-VVYHM,Yes
1839-UMACK,Yes
3030-YDNRM,Yes
7321-KKSDU,No
3402-XRIUO,Yes
8286-AFUYI,No
8080-DDEMJ,No
8356-WUAOJ,No
6365-MTGZX,No
1349-WXNGG,No
8058-DMYRU,Yes
9350-ZXYJC,Yes
6990-YNRIO,Yes
8958-JPTRR,Yes
6959-GQEGV,No
3173-WSSUE,No
1265-HVPZB,No
7369-TRPFD,No
1098-KFQEC,No
7190-XHTWJ,No
0621-TWIEM,No
3537-RYBHH,Yes
3669-OYSJI,No
1612-EOHDH,No
5296-BFCYD,No
4510-PYUSH,No
9359-JANWS,No
7517-SAWMO,No
4143-HHPMK,No
3279-DYZQM,No
7054-LGEQW,No
9575-IWCAZ,Yes
7105-MXJLL,No
7064-FRRSW,Yes
7940-UQQUG,Yes
0923-PNFUB,No
3961-SXAXY,No
7010-BRBUU,Yes
3566-HJGPK,No
3062-ICYZQ,Yes
9938-PRCVK,No
0973-KYVNF,No
5129-HHMZC,Yes
9637-CDTKZ,Yes
3946-JEWRQ,Yes
7873-CVMAW,Yes
0463-WZZKO,No
3494-JCHRQ,No
6474-FVJLC,Yes
5832-EXGTT,No
8840-DQLGN,Yes
2039-JONDJ,No
7217-JYHOQ,No
6695-FRVEC,No
4547-LYTDD,Yes
9894-QMIMJ,No
6770-XUAGN,No
4193-ORFCL,No
3466-WAESX,Yes
3638-VBZTA,Yes
7459-IMVYU,Yes
7776-QWNFX,No
6689-TCZHQ,No
8563-OYMQY,No
0754-EEBDC,No
5777-ZPQNC,No
1951-IEYXM,Yes
3318-NMQXL,No
3143-ILDAL,Yes
1022-RKXDR,Yes
2272-UOINI,No
8232-UTFOZ,No
3750-YHRYO,No
5668-MEISB,Yes
0129-QMPDR,No
7188-CBBBA,Yes
5356-CSVSQ,Yes
3221-CJMSG,No
4720-VSTSI,Yes
3219-JQRSL,Yes
2801-NISEI,No
3946-MHCZW,No
4623-ZKHLY,No
6732-VAILE,Yes
8201-AAXCB,Yes
7696-CFTAT,No
1845-CSBRZ,Yes
2123-VSCOT,Yes
6651-AZVTJ,Yes
4566-GOLUK,Yes
2484-DGXPZ,No
2018-QKYGT,No
2792-VPPET,No
7409-JURKQ,Yes
3247-MHJKM,No
1964-SVLEA,No
4587-NUKOX,No
7297-DVYGA,No
2239-CGBUZ,No
0854-UYHZD,No
7243-LCGGZ,No
8267-KFGYD,No
4890-VMUAV,Yes
9261-WDCAF,No
3764-MNMOI,No
7442-YGZFK,Yes
8229-BUJHX,No
7449-HVPIV,Yes
5504-WSIUR,Yes
8183-ONMXC,No
8466-PZBLH,Yes
9614-RMGHA,Yes
8735-IJJEG,No
0564-MUUQK,Yes
5054-IEXZT,No
5834-ASPWA,Yes
0701-RFGFI,Yes
0019-EFAEP,Yes
5619-PTMIK,Yes
3737-XBQDD,Yes
5846-QFDFI,Yes
4445-KWOKW,Yes
3511-APPBJ,No
7967-HYCDE,No
2430-RRYUW,No
3948-XHGNA,No
3723-BFBGR,Yes
0565-IYCGT,Yes
5447-WZAFP,No
5445-UTODQ,No
4425-OWHWB,No
7892-QVYKW,Yes
9675-ICXCT,No
1024-VRZHF,Yes
4703-MQYKT,No
9497-QCMMS,Yes
5692-ICXLW,Yes
0602-DDUML,No
2208-MPXIO,No
1960-UYCNN,Yes
0348-SDKOL,Yes
3190-FZATL,No
7336-RLLRH,Yes
4373-MAVJG,Yes
7710-JSYOA,Yes
5419-KLXBN,No
3424-NMNBO,Yes
4514-GFCFI,Yes
0607-MVMGC,Yes
3365-SAIGS,No
9828-AOQLM,No
8022-BECSI,No
8000-REIQB,No
9993-LHIEB,No
0266-CLZKZ,Yes
3858-VOBET,Yes
7020-OZKXZ,No
3977-QCRSL,No
1447-PJGGA,No
8565-CLBZW,Yes
9139-WQQDY,Yes
0224-HJAPT,Yes
8086-OVPWV,No
9430-FRQOC,Yes
7639-OPLNG,Yes
3074-GQWYX,Yes
1492-QGCLU,Yes
6845-RGTYS,Yes
7328-OWMOM,No
4418-LZMSV,No
5155-AZQPB,Yes
8861-HGGKB,Yes
1087-GRUYI,No
7065-YUNRY,No
7694-VLBWQ,Yes
2546-KZAAT,No
0181-RITDD,No
5989-PGKJB,No
4795-KTRTH,Yes
8272-ONJLV,No
1488-PBLJN,Yes
0308-GIQJT,Yes
3778-FOAQW,No
4452-ROHMO,No
6481-OGDOO,No
3090-LETTY,Yes
3753-TSEMP,No
8305-VHZBZ,No
9720-JJJOR,No
8100-HZZLJ,No
8775-ERLNB,Yes
8309-IEYJD,No
9172-JITSM,No
6298-QDFNH,Yes
7398-HPYZQ,Yes
3546-GHEAE,No
7361-YPXFS,Yes
6557-BZXLQ,No
2550-QHZGP,No
7519-JTWQH,Yes
8543-MSDMF,No
9961-JBNMK,No
1170-SASML,Yes
5346-BZCHP,No
2038-LLMLM,Yes
6173-ITPWD,Yes
9734-UYXQI,Yes
1216-BGTSP,Yes
4138-NAXED,Yes
2189-UXTKY,Yes
0744-BIKKF,Yes
7483-IQWIB,Yes
5248-KWLAR,Yes
4958-GZWIY,No
7996-MHXLW,Yes
7833-PKIHD,No
7061-OVMIM,No
5153-RTHKF,Yes
1852-QSWCD,Yes
4832-VRBMR,Yes
9079-LWTFD,Yes
6356-ELRKD,No
8624-GIOUT,Yes
3392-EHMNK,Yes
5986-WWXDV,No
3061-BCKYI,No
6179-GJPSO,No
7901-TBKJX,Yes
7228-PAQPD,No
3177-LASXD,No
7746-QYVCO,No
5804-HYIEZ,Yes
9919-FZDED,Yes
5934-TSSAU,No
3486-KHMLI,Yes
4897-QSUYC,No
1084-UQCHV,No
8290-YWKHZ,Yes
2955-BJZHG,No
6784-XYJAE,Yes
8957-THMOA,No
2251-PYLPB,Yes
5555-RNPGT,Yes
1057-FOGLZ,No
9300-RENDD,No
0761-AETCS,No
8087-LGYHQ,No
4137-BTIKL,Yes
2190-BCXEC,Yes
6227-FBDXH,Yes
2153-MREFK,Yes
2911-WDXMV,Yes
7206-PQBBZ,No
3106-ULWFW,Yes
0925-VYDLG,Yes
4547-FZJWE,No
7422-WNBTY,Yes
0842-IWYCP,No
3521-HTQTV,Yes
3744-ZBHON,No
3373-DIUUN,No
8383-SGHJU,Yes
7607-QKKTJ,Yes
7707-PYBBH,No
8984-HPEMB,Yes
4349-GFQHK,Yes
9779-DPNEJ,No
9805-FILKB,No
5793-YOLJN,No
0673-IGUQO,No
4123-FCVCB,Yes
8819-IMISP,Yes
8311-UEUAB,Yes
5858-EAFCZ,No
1163-ONYEY,Yes
9787-XVQIU,Yes
8945-MUQUF,Yes
6082-OQFBA,No
8051-HJRLT,No
8974-OVACP,No
4010-YLMVT,Yes
1379-FRVEB,Yes
8612-GXIDD,Yes
6288-CHQJB,No
8160-HOWOX,No
3023-GFLBR,Yes
6648-INWPS,No
4223-BKEOR,No
4079-VTGLK,Yes
1763-WQFUK,No
1391-UBDAR,No
8894-JVDCV,Yes
2023-VQFDL,No
1345-GKDZZ,No
2014-MKGMH,Yes
5628-FCGYG,Yes
2560-WBWXF,Yes
0248-IPDFW,Yes
7978-DKUQH,No
4335-UPJSI,No
0524-IAVZO,Yes
2737-YNGYW,No
1784-EZDKJ,Yes
9297-FVVDH,Yes
8007-YYPWD,Yes
7101-HRBLJ,No
5159-YFPKQ,No
6635-CPNUN,Yes
4021-RQSNY,Yes
5453-YBTWV,No
5039-LZRQT,No
2931-VUVJN,Yes
9061-TIHDA,Yes
8699-ASUFO,Yes
6418-PIQSP,No
8220-OCUFY,No
3995-WFCSM,No
1895-QTKDO,No
2038-OEQZH,No
1178-PZGAB,No
7927-AUXBZ,No
2626-VEEWG,No
2878-RMWXY,Yes
1657-DYMBM,No
7311-MQJCH,No
7375-WMVMT,No
1136-XGEQU,Yes
2530-FMFXO,Yes
6844-DZKRF,No
4695-WJZUE,Yes
7619-ODSGN,Yes
5970-GHJAW,No
8879-XUAHX,Yes
4195-PNGZS,Yes
5003-XZWWO,Yes
3988-RQIXO,No
7622-FWGEW,No
6922-NCEDI,No
2514-GINMM,No
9891-NQDBD,Yes
6131-IUNXN,No
8548-AWOFC,Yes
9798-DRYDS,Yes
8532-UEFWH,Yes
6296-DDOOR,No
7951-VRDVK,No
5931-FLJJF,No
4815-YOSUK,Yes
2659-VXMWZ,Yes
0380-NEAVX,No
3207-OYBWH,Yes
4285-GYRQC,No
7216-EWTRS,Yes
4365-MSDYN,No
7036-TYDEC,Yes
5802-ADBRC,Yes
8076-FEZKJ,No
5197-YPYBZ,Yes
8337-MSSXB,No
8495-LJDFO,Yes
0839-JTCUD,Yes
5494-WOZRZ,No
1302-UHBDD,No
2234-EOFPT,No
8619-IJNDK,No
8378-LKJAF,Yes
8182-BJDSI,Yes
2528-HFYZX,No
0788-DXBFY,No
3597-YASZG,Yes
3496-LFSZU,No
5242-UOWHD,No
2482-CZGBB,No
6479-SZPLM,No
8097-VBQTZ,No
4500-HKANN,Yes
9917-KWRBE,Yes
3420-ZDBMA,No
1393-IMKZG,No
3398-GCPMU,Yes
2908-WGAXL,Yes
3378-AJRAO,Yes
1013-QCWAM,Yes
0866-QLSIR,Yes
6050-FFXES,Yes
7181-BQYBV,Yes
0362-RAOQO,No
9554-DFKIC,Yes
5527-ACHSO,No
0829-DDVLK,No
1399-UBQIU,No
1813-JLKWR,No
0336-PIKEI,No
7322-OCWHC,Yes
9537-VHDTA,No
4957-TIALW,No
2054-PJOCK,Yes
9150-HEPMB,No
9030-QGZNL,No
6204-IEUXJ,No
3126-WQMGH,Yes
4529-CKBCL,No
2506-CLAKW,No
7176-WRTNX,Yes
1583-IHQZE,Yes
5732-IKGQH,No
9239-GZHZE,Yes
7205-BAIAD,No
0151-ONTOV,No
4140-MUHUG,No
0093-EXYQL,No
8064-RAVOH,No
0219-QAERP,No
0320-JDNQG,No
7180-PISOG,Yes
9168-INPSZ,Yes
3571-RFHAR,Yes
0015-UOCOJ,No
5334-AFQJB,Yes
2754-SDJRD,Yes
9578-VRMNM,Yes
1587-FKLZB,Yes
6140-QNRQQ,No
8963-JLGJT,No
4307-KTUMW,Yes
1465-LNTLJ,No
5440-FLBQG,Yes
2135-DQWAQ,No
4056-QHXHZ,Yes
7488-MXJIV,Yes
7401-JIXNM,Yes
9339-FIIJL,Yes
2027-FECZV,Yes
4706-DGAHW,No
3870-MQAMG,Yes
6670-MFRPK,Yes
6177-PEVRA,No
4800-CZMPC,Yes
4813-HQMGZ,Yes
7579-KKLOE,Yes
7377-DMMRI,No
8402-EIVQS,No
4947-DSMXK,Yes
7245-NIIWQ,No
0002-ORFBO,No
3324-OIRTO,No
5414-OFQCB,Yes
8552-OBVRU,No
8499-BRXTD,No
9154-QDGTH,Yes
8197-BFWVU,Yes
2577-GVSIL,Yes
9367-OIUXP,No
6770-UAYGJ,Yes
6463-HHXJR,Yes
7928-VJYAB,No
1187-WILMM,Yes
9776-OJUZI,Yes
1306-RPWXZ,No
8949-JTMAY,Yes
2774-LVQUS,Yes
3097-PYWXL,No
2266-SJNAT,Yes
0869-PAPRP,No
4238-JSSWH,Yes
2972-YDYUW,Yes
1104-FEJAM,Yes
2809-ILCYT,Yes
5499-ECUTN,No
4981-FLTMF,Yes
9121-PHQSR,Yes
3113-IWHLC,No
3211-ILJTT,No
4612-THJBS,Yes
4277-BWBML,No
4094-NSEDU,Yes
4304-TSPVK,Yes
1552-AAGRX,Yes
2637-FKFSY,No
7874-ECPQJ,No
0020-INWCK,Yes
7089-RKVSZ,Yes
9548-ZMVTX,Yes
8739-XNIKG,Yes
9755-JHNMN,No
3981-QSVQI,No
2789-HQBOU,No
9424-CMPOG,No
5067-WJEUN,No
3450-WXOAT,No
9251-WNSOD,Yes
6974-DAFLI,No
2616-UUTFK,Yes
7064-JHXCE,No
5103-MHMHY,No
4373-VVHQL,No
4559-UWIHT,Yes
7268-IGMFD,Yes
1846-XWOQN,No
0235-KGSLC,No
6650-BWFRT,Yes
9570-KYEUA,Yes
6993-YGFJV,Yes
2712-SYWAY,Yes
0730-BGQGF,Yes
5498-IBWPI,No
9101-NTIXF,No
0013-SMEOE,No
9314-QDMDW,No
9308-ANMVE,No
2884-GBPFB,No
3757-NJYBX,Yes
3413-DHLPB,Yes
7649-PHJVR,No
2573-GYRUU,Yes
1247-QBVSH,No
6734-GMPVK,Yes
9822-OAOVB,No
6161-ERDGD,Yes
1226-JZNKR,No
7318-EIVKO,Yes
3771-PZOBW,Yes
5136-KCKGI,Yes
8231-BSWXX,Yes
6486-LHTMA,Yes
4083-BFNYK,Yes
3722-WPXTK,No
5141-ZUVBH,No
1089-HDMKP,No
7623-HKYRK,No
0310-SUCIN,No
5197-PYEPU,Yes
2929-ERCFZ,No
7548-SEPYI,No
8835-VSDSE,No
6619-RPLQZ,No
3503-TYDAY,Yes
6901-GOGZG,Yes
9621-OUPYD,No
9898-KZQDZ,Yes
8982-NHAVY,Yes
0141-YEAYS,Yes
2450-ZKEED,No
9603-OAIHC,No
1133-KXCGE,No
5236-PERKL,Yes
0142-GVYSN,No
2519-FAKOD,Yes
8406-LNMHF,No
1821-BUCWY,No
0023-UYUPN,Yes
1465-WCZVT,No
9481-SFCQY,No
6360-SVNWV,No
0567-GGCAC,No
7089-IVVAZ,Yes
8884-MRNSU,No
2171-UDMFD,No
9050-IKDZA,No
2205-YMZZJ,Yes
9802-CAQUT,Yes
1254-IZEYF,Yes
0187-WZNAB,No
9492-TOKRI,Yes
1475-VWVDO,No
9221-OTIVJ,Yes
1357-MVDOZ,No
7602-MVRMB,Yes
3325-FUYCG,Yes
5908-QMGOE,Yes
1197-BVMVG,Yes
5406-KGRMX,Yes
8481-YYXWG,No
5968-HYJRZ,Yes
5198-EFNBM,No
7516-GMHUV,Yes
7140-ADSMJ,No
2230-XTUWL,No
7706-YLMQA,No
2585-KTFRE,No
7994-UYIVZ,Yes
2609-IAICY,Yes
7717-BICXI,No
6559-RAKOZ,Yes
4716-MRVEN,No
2143-LJULT,Yes
1323-OOEPC,Yes
3200-MNQTF,Yes
6164-HXUGH,No
5630-IXDXV,Yes
0320-DWVTU,No
9135-MGVPY,No
1212-GLHMD,No
7878-JGDKK,No
1088-AUUZZ,Yes
0397-GZBBC,Yes
6614-YWYSC,Yes
9588-OZDMQ,No
7641-EUYET,Yes
6476-EPYZR,No
9921-ZVRHG,Yes
1174-FGIFN,Yes
6620-HVDUJ,No
4701-MLJPN,No
1032-MAELW,Yes
7641-TQFHN,Yes
1552-TKMXS,No
8622-ZLFKO,Yes
1596-BBVTG,Yes
6188-UXBBR,No
2333-KWEWW,No
5702-SKUOB,No
1134-YWTYF,No
6061-GWWAV,No
0679-TDGAK,No
6585-WCEWR,No
9067-YGSCA,Yes
9067-SQTNS,No
8433-WXGNA,No
1776-SPBWV,No
8735-SDUFN,Yes
9668-PUGNU,Yes
9405-GPBBG,Yes
1926-QUZNN,Yes
3707-GNWHM,Yes
7016-NVRIC,No
5829-NVSQN,No
9565-AXSMR,No
8922-LIEGH,Yes
8869-LIHMK,Yes
8245-UMPYT,Yes
5186-SAMNZ,No
0447-RXSGD,Yes
4927-WWOOZ,Yes
5788-YPOEG,No
5373-SFODM,Yes
0661-KBKPA,Yes
9081-WWXKP,No
0784-ZQJZX,No
3133-PZNSR,Yes
5766-ZJYBB,No
8931-GJJIQ,Yes
4277-PVRAN,No
0022-TCJCI,No
0722-SVSFK,No
3612-YVGSJ,Yes
9825-YCXWZ,No
8565-HBFNN,Yes
2000-DHJUY,Yes
0203-HHYIJ,Yes
8670-ERCJH,Yes
2050-ONYDQ,Yes
7055-JCGNI,Yes
4826-DXMUP,No
0952-KMEEH,Yes
7285-KLOTR,Yes
0654-PQKDW,No
7175-NTIXE,No
9796-BPKIW,No
0188-GWFLE,No
8129-GMVGI,No
2882-DDZPG,No
3547-LQRIK,Yes
9137-NOQKA,No
5843-TTHGI,No
1849-RJYIG,No
8868-GAGIO,Yes
4061-UKJWL,No
5380-XPJNZ,No
8263-QMNTJ,Yes
8178-EYZUO,Yes
3230-JCNZS,Yes
5130-IEKQT,Yes
3230-WYKIR,Yes
7996-BPXHY,Yes
3227-WLKLI,Yes
0407-BDJKB,Yes
2266-FUBDZ,No
8237-ULIXL,Yes
9600-UDOPK,Yes
8216-AZUUZ,No
9153-BTBVV,Yes
4074-SJFFA,No
3269-ATYWD,Yes
5186-PEIZU,No
1074-AMIOH,No
4910-GMJOT,Yes
0354-WYROK,No
4361-FEBGN,No
7748-UMTRK,Yes
0380-ZCSBI,No
7145-FEJWU,Yes
6463-MVYRY,No
3969-JQABI,No
9624-EGDEQ,No
1051-EQPZR,No
5849-ASHZJ,No
5780-INQIK,No
7576-OYWBN,Yes
4526-ZJJTM,No
8384-FZBJK,Yes
3750-RNQKR,No
0962-CQPWQ,No
3096-YXENJ,Yes
1265-BCFEO,Yes
5837-LXSDN,No
5945-AZYHT,Yes
8325-QRPZR,No
6384-VMJHP,No
2262-SLNVK,No
7730-CLDSV,Yes
1135-HIORI,Yes
0164-APGRB,Yes
6481-ESCNL,Yes
1790-NESIO,No
1550-EENBN,Yes
5539-TMZLF,No
4446-BZKHU,Yes
5976-JCJRH,No
8198-RKSZG,Yes
0137-OCGAB,Yes
3351-NQLDI,Yes
9297-EONCV,Yes
7593-JNWRU,No
4588-YBNIB,No
1069-QJOEE,No
3336-JORSO,Yes
7799-DSEWS,No
8766-PAFNE,No
5315-CKEQK,Yes
3130-ICDUP,Yes
0820-FNRNX,Yes
0880-FVFWF,Yes
4213-HKBJO,Yes
2792-LSHWX,No
5028-GZLDO,No
0014-BMAQU,Yes
6861-XWTWQ,Yes
9018-PCIOK,No
4837-QUSFT,Yes
6877-TJMBR,No
9953-ZMKSM,Yes
0907-HQNTS,Yes
6769-DCQLI,No
2433-KMEAS,Yes
4391-LNRXK,No
8250-ZNGGW,No
2195-ZRVAX,No
3550-SAHFP,Yes
8562-GHPPI,No
5893-PYOLZ,No
4986-MXSFP,No
6131-FOYAS,Yes
3027-YNWZU,Yes
5609-IMCGG,Yes
4873-ILOLJ,No
4727-MCYZG,No
9481-WHGWY,No
2725-KXXWT,No
9565-DJPIB,Yes
4328-VUFWD,No
3301-LSLWQ,Yes
7473-ZBDSN,No
3166-PNEOF,Yes
5639-NTUPK,No
5140-FOMCQ,Yes
6242-SGYTS,Yes
8166-ORCHU,No
8414-OOEEL,No
8454-AATJP,Yes
6849-WLEYG,No
4659-NZRUF,Yes
4531-AUZNK,Yes
4191-XOVOM,Yes
2150-OEGBV,No
8429-XIBUM,Yes
1855-CFULU,No
4878-BUNFV,No
1872-EBWSC,No
2608-BHKFN,No
7026-YMSBE,No
7341-LXCAF,Yes
6997-UVGOX,No
9462-MJUAW,Yes
8128-YVJRG,Yes
5440-VHLUL,Yes
5781-BKHOP,Yes
4283-FUTGF,Yes
5213-TWWJU,No
1569-TTNYJ,Yes
8628-MFKAX,Yes
2397-BRLOM,No
7629-WIXZF,No
5445-GLVOT,No
3976-HXHCE,No
2466-NEJOJ,No
0254-KCJGT,Yes
6461-SZMCV,Yes
8150-QUDFX,No
9508-ILZDG,Yes
1697-LYYYX,No
1942-OQFRW,No
4749-VFKVB,Yes
9640-ZSLDC,No
4231-LZUYM,Yes
7598-UAASY,No
7938-OUHIO,No
8510-AWCXC,Yes
3594-BDSOA,No
0431-APWVY,No
5996-DAOQL,No
6838-YAUVY,Yes
0484-JPBRU,Yes
7883-ROJOC,No
0244-LGNFY,Yes
4295-YURET,No
3426-NIYYL,Yes
8225-BTJAU,No
4635-EJYPD,No
1866-ZSLJM,No
4636-TVXVG,No
9392-XBGTD,No
3387-VATUS,Yes
1143-NMNQJ,Yes
1169-SAOCL,Yes
1110-KYLGQ,Yes
9929-PLVPA,No
3518-PZXZQ,No
2371-JUNGC,No
7693-QPEFS,Yes
0924-BJCRC,Yes
5074-FBGHB,Yes
2351-BKRZW,No
4455-BFSPD,Yes
0415-MOSGF,No
1724-BQUHA,No
3948-KXDUF,Yes
2323-ARSVR,No
0815-MFZGM,No
4826-XTSOH,Yes
5480-XTFFL,No
8295-FHIVV,No
9086-YJYXS,Yes
1179-INLAT,No
6857-VWJDT,Yes
5468-BPMMO,No
5624-BQSSA,No
0197-PNKNK,Yes
2439-QKJUL,No
1194-SPVSP,No
9534-NSXEM,No
8929-KSWIH,No
2250-IVBWA,No
1810-MVMAI,Yes
9506-UXUSK,No
1229-RCALF,Yes
3572-UOLYZ,Yes
1429-UYJSV,No
5577-OTWWW,No
6100-QQHEB,Yes
6366-XIVKZ,No
3470-OBUET,Yes
9375-MHRRS,No
2634-HCZGT,Yes
7503-QQRVF,No
4860-YZGZM,No
6599-GZWCM,No
2691-NZETQ,Yes
4404-HIBDJ,No
7037-MTYVW,Yes
4760-THGOT,Yes
7295-JOMMD,No
4016-BJKTZ,Yes
6584-VQMYT,No
9838-BFCQT,Yes
2790-XUYMV,Yes
0581-MDMPW,Yes
5013-SBUIH,Yes
1023-BQXZE,No
9163-GHAYE,No
3904-UKFRE,Yes
5353-WILCI,No
0709-TVGUR,Yes
0058-EVZWM,Yes
6023-YEBUP,Yes
7209-JCUDS,No
7009-PCARS,No
0519-DRGTI,No
1017-FBQMM,Yes
3001-CBHLQ,Yes
1985-MBRYP,No
9372-TXXPS,No
3259-QMXUN,Yes
1015-JPFYW,No
6645-MXQJT,No
8433-WPJTV,Yes
5804-JMYIO,No
3763-GCZHZ,Yes
6484-LATFU,Yes
0772-GYEQQ,No
0536-ACXIP,Yes
0936-NQLJU,No
4831-EOBFE,No
1575-KRZZE,No
3251-YMVWZ,Yes
4102-OQUPX,Yes
9170-GYZJC,Yes
4884-LEVMQ,No
8857-CUPFQ,No
7610-TVOPG,Yes
3638-DIMPH,No
1845-ZLLIG,No
8559-WNQZS,No
3999-QGRJH,No
1699-UOTXU,No
2454-RPBRZ,Yes
0635-WKOLD,Yes
5993-JSUWV,No
4518-FZBSX,No
5387-ASZNZ,Yes
6988-CJEYV,Yes
2002-MZHWP,No
3097-FQTVJ,No
5465-BUBFA,No
7299-GNVPL,No
9371-BITHB,No
2265-CYWIV,Yes
9093-FPDLG,No
0541-FITGH,No
6985-HAYWX,Yes
7508-KBIMB,No
6838-HVLXG,No
2277-DJJDL,Yes
1897-OKVMW,Yes
5485-ITNPC,No
0233-FTHAV,Yes
4644-PIZRT,Yes
8922-NPKBJ,No
2740-TVLFN,Yes
7771-CFQRQ,No
9512-PHSMG,No
6963-EZQEE,Yes
2452-KDRRH,Yes
2004-OCQXK,No
5027-QPKTE,No
4146-SVFUD,No
1564-HJUVY,No
3617-XLSGQ,Yes
7517-LDMPS,No
7244-KXYZN,No
5226-NOZFC,No
2672-HUYVI,No
1400-WIVLL,Yes
7508-MYBOG,Yes
8148-NLEGT,Yes
0148-DCDOS,Yes
8347-GDTMP,No
9992-RRAMN,Yes
6746-WAUWT,No
0310-MVLET,Yes
0428-IKYCP,No
4550-VBOFE,Yes
2187-PKZAY,No
4003-OCTMP,No
6652-YFFJO,No
7225-IILWY,Yes
5248-RPYWW,Yes
7923-IYJWY,Yes
3170-GWYKC,No
5696-QURRL,No
7409-KIUTL,No
1732-VHUBQ,No
0495-RVCBF,No
2668-TZSPS,No
7854-EDSSA,Yes
8869-TORSS,No
7446-SFAOA,No
9522-ZSINC,No
8234-GSZYK,Yes
0679-IDSTG,No
7765-LWVVH,Yes
1658-TJVOA,No
2115-BFTIW,No
4692-NNQRU,No
7742-MYPGI,No
0611-DFXKO,No
7780-OTDSO,Yes
9619-GSATL,No
5622-UEJFI,Yes
9747-DDZOS,No
0674-DGMAQ,Yes
0484-FFVBJ,No
2181-TIDSV,No
9453-PATOS,No
0564-JJHGS,Yes
3348-CFRNX,No
4402-FTBXC,No
1428-GTBJJ,No
2931-XIQBR,No
0106-UGRDO,Yes
5542-TBBWB,No
1930-QPBVZ,No
5322-ZSMZY,Yes
8059-UDZFY,Yes
7740-BTPUX,Yes
5220-AGAAX,Yes
0208-BPQEJ,No
9435-JMLSX,No
3352-ALMCK,Yes
5312-IRCFR,Yes
5294-IMHHT,Yes
8802-UNOJF,No
6176-YJWAS,Yes
5310-NOOVA,No
4526-EXKKN,Yes
3987-KQDDU,No
3404-JNXAX,Yes
5131-PONJI,No
2845-AFFTX,Yes
3489-VSFRD,No
3345-JHUEO,No
5815-HGGHV,No
5260-UMPWX,No
2249-YPRNG,Yes
7410-YTJIK,Yes
4626-GYCZP,Yes
5649-RXQTV,No
2674-MIAHT,Yes
2576-HXMPA,No
7587-AOVVU,Yes
5590-BYNII,Yes
6898-MDLZW,No
4707-YNOQA,Yes
9357-UJRUN,Yes
1591-NFNLQ,Yes
7663-CUXZB,Yes
0258-NOKBL,No
1163-VIPRI,Yes
2815-CPTUL,No
9348-ROUAI,Yes
0596-BQCEQ,No
1481-ZUWZA,Yes
3043-TYBNO,No
4830-FAXFM,Yes
5906-BFOZT,No
2960-NKRSO,No
8996-ZROXE,No
5598-IKHQQ,Yes
0397-ZXWQF,No
5266-PFRQK,No
4674-HGNUA,Yes
6765-MBQNU,Yes
9786-IJYDL,Yes
1303-SRDOK,No
3769-MHZNV,No
6295-OSINB,Yes
3308-MHOOC,No
2207-QPJED,No
2239-CFOUJ,No
6620-JDYNW,Yes
1891-FZYSA,Yes
4770-UEZOX,No
1038-RQOST,No
7613-LLQFO,Yes
4568-TTZRT,No
9513-DXHDA,No
2640-PMGFL,Yes
3801-HMYNL,No
0516-QREYC,No
9685-WKZGT,Yes
6022-UGGSO,No
8084-OIVBS,No
8896-BQTTI,Yes
3865-QBWSJ,Yes
3352-RICWQ,No
2160-GPFXD,Yes
2065-MMKGR,Yes
5857-TYBCJ,Yes
1498-NHTLT,No
4484-CGXFK,No
1402-PTHGN,No
4176-RELJR,Yes
6214-EDAKZ,No
6377-KSLXC,No
1796-JANOW,No
0238-WHBIQ,Yes
8735-NBLWT,No
6651-RLGGM,Yes
6127-ISGTU,Yes
1614-JBEBI,No
1208-DNHLN,Yes
1761-AEZZR,No
3923-CSIHK,No
5696-EXCYS,No
5795-KTGUD,Yes
7120-RFMVS,Yes
7924-GJZFI,No
8512-WIWYV,No
5897-ZYEKH,Yes
7317-GGVPB,Yes
1406-PUQVY,No
5692-FPTAH,No
9114-AAFQH,No
8715-KKTFG,Yes
1550-LOAHA,No
1728-BQDMA,No
0268-QKIWO,No
0876-WDUUZ,No
5117-ZSMHQ,Yes
5151-HQRDG,Yes
0960-HUWBM,Yes
6465-GSRCL,Yes
0617-FHSGK,Yes
0263-FJTQO,Yes
7319-ZNRTR,No
2858-MOFSQ,Yes
7503-EPSZW,Yes
8118-LSUEL,Yes
1666-JXLKU,Yes
7855-DIWPO,No
5133-POWUA,No
5652-MSDEY,Yes
7005-CCBKV,No
1810-BOHSY,Yes
1784-BXEFA,No
9224-VTYID,Yes
9500-IWPXQ,Yes
4504-YOULA,Yes
5569-IDSEY,Yes
4250-FDVOU,No
7284-ZZLOH,No
5277-ZLOOR,Yes
2141-RRYGO,No
6376-GAHQE,No
3401-URHDA,Yes
1599-EAHXY,Yes
8631-XVRZL,No
5052-PNLOS,Yes
3853-LYGAM,Yes
6979-ZNSFF,Yes
5751-USDBL,No
5680-LQOGP,No
2386-LAHRK,No
8189-DUKMV,No
9931-DCEZH,No
1898-JSNDC,No
0315-LVCRK,No
2410-CIYFZ,No
4248-HCETZ,No
5505-OVWQW,No
7271-AJDTL,Yes
1867-TJHTS,Yes
0516-WJVXC,No
9174-FKWZE,No
6860-YRJZP,Yes
4429-WYGFR,No
2817-LVCPP,No
5038-ETMLM,Yes
5056-FIMPT,No
4521-WFJAI,Yes
6569-KTMDU,No
8809-RIHDD,Yes
8809-XKHMD,Yes
0396-YCHWO,Yes
0867-LDTTC,No
4822-NGOCH,Yes
9391-DXGGG,No
9844-FELAJ,Yes
2122-SZZZD,No
5307-DZCVC,Yes
3148-AOIQT,Yes
8679-JOEVF,No
8395-ETZKQ,No
6692-YQHXC,No
3889-VWBID,No
5222-JCXZT,No
2739-CCZMB,No
7080-TNUWP,Yes
0496-AHOOK,No
8336-TAVKX,Yes
2468-SJFLM,No
7168-HDQHG,No
4803-AXVYP,Yes
3884-HCSWG,No
4567-AKPIA,Yes
5077-DXTCG,No
7901-HXJVA,No
5649-ANRML,No
4892-VLANZ,No
5924-IFQTT,Yes
7968-QUXNS,No
2919-HBCJO,No
4236-XPXAV,No
8903-WMRNW,No
2452-SNHFZ,No
3629-WEAAM,No
7993-NQLJE,No
9909-DFRJA,No
9099-FTUHS,Yes
0581-BXBUB,No
4962-CHQPW,No
9467-ROOLM,No
3030-YZADT,No
7410-KTVFV,No
5150-ITWWB,Yes
1345-ZUKID,No
6429-SHBCB,Yes
9281-OFDMF,Yes
2603-HVKCG,No
1834-WULEG,No
9097-ZUBYC,No
5148-ORICT,No
4893-GYUJU,No
4578-PHJYZ,No
7272-QDCKA,Yes
8908-SLFCJ,No
8393-DLHGA,No
9766-HGEDE,No
7395-IGJOS,No
5044-XDPYX,Yes
2834-SPCJV,No
3721-WKIIL,No
6734-CKRSM,No
1265-ZFOSD,Yes
6568-POCUI,No
5197-LQXXH,Yes
3457-PQBYH,No
7682-AZNDK,No
0587-DMGBH,No
5384-ZTTWP,No
1231-YNDEK,No
1407-DIGZV,No
0570-BFQHT,No
4393-OBCRR,No
3523-QRQLL,No
8564-LDKFL,Yes
3696-DFHHB,Yes
0895-DQHEW,Yes
4717-GHADL,Yes
5501-TVMGM,No
5879-HMFFH,Yes
6772-WFQRD,No
3810-DVDQQ,Yes
6972-SNKKW,No
3694-GLTJM,No
8550-XSXUQ,Yes
8149-RSOUN,Yes
9055-MOJJJ,No
4359-INNWN,No
0585-EGDDA,No
0549-CYCQN,Yes
3481-JHUZH,Yes
7250-EQKIY,No
3594-IVHJZ,No
6869-FGJJC,No
3896-ZVNET,Yes
8205-VSLRB,Yes
6817-WTYHE,No
4013-UBXWQ,Yes
4931-TRZWN,No
0750-EKNGL,No
7669-LCRSD,No
3567-PQTSO,Yes
5519-NPHVG,Yes
8043-PNYSD,No
9938-EKRGF,No
2703-AMTUL,No
8173-RXAYP,No
5402-HTOTQ,Yes
6734-JDTTV,No
7850-THJMU,No
3890-RTCMS,No
8849-GYOKR,Yes
3148-BLQJT,No
3717-FDJFU,No
7966-YOTQW,Yes
0461-CVKMU,No
8806-EAGWC,No
8853-TZDGH,Yes
7779-LGOVN,Yes
4324-BZCKL,No
6924-TDGMT,No
9710-ZUSHQ,Yes
1536-YHDOE,Yes
8123-QBNAZ,Yes
3629-ZNKXA,No
4827-LTQRJ,Yes
7711-YIJWC,No
5482-VXSXJ,No
9620-ENEJV,No
4183-WCSEP,No
2378-YIZKA,No
5498-TXHLF,Yes
0689-DSXGL,No
6818-DJXAA,No
9722-UJOJR,No
0464-WJTKO,No
8902-ZEOVF,No
6778-EICRF,Yes
2662-NNTDK,Yes
4132-KALRO,Yes
3902-FOIGH,Yes
6772-KSATR,Yes
7112-OPOTK,No
2874-YXVVA,No
1245-HARPS,No
4210-QFJMF,No
4323-ELYYB,No
4293-ETKAP,Yes
6064-PUPMC,No
6504-VBLFL,No
6322-PJJDJ,No
0330-BGYZE,Yes
1085-LDWAM,No
7586-ZATGZ,Yes
7197-VOJMM,No
3318-OSATS,Yes
5828-AVIPD,Yes
1843-TLSGD,No
9626-VFRGG,Yes
9143-CANJF,No
2041-JIJCI,Yes
1086-LXKFY,No
4900-MSOMT,Yes
2229-VWQJH,No
9194-GFVOI,Yes
1336-EZFZY,No
4282-MSACW,Yes
1403-LKLIK,No
2636-ALXXZ,No
7774-OJSXI,Yes
7786-WBJYI,Yes
0136-IFMYD,Yes
5144-TVGLP,Yes
9643-AVVWI,No
0253-ZTEOB,Yes
2706-QZIHY,Yes
6061-PQHMK,No
9885-CSMWE,No
9122-UMROB,No
4232-JGKIY,No
2402-TAIRZ,No
9659-ZTWSM,Yes
6685-GBWJZ,No
3866-MDTUB,No
2195-VVRJF,No
3913-RDSJZ,Yes
8058-JMEQO,Yes
4203-QGNZA,No
5043-TRZWM,No
0697-ZMSWS,Yes
7657-DYEPJ,No
9494-BDNNC,Yes
1640-PLFMP,No
5366-OBVMR,No
8276-MQBYC,Yes
7644-OMVMY,No
7593-XFKDI,No
4573-JKNAE,No
0337-CNPZE,Yes
9817-APLHW,Yes
8380-MQINP,No
0840-DFEZH,Yes
1513-XNPPH,No
8690-ZVLCL,Yes
6015-VVHHE,Yes
1125-SNVCK,No
4616-EWBNJ,No
6347-DCUIK,Yes
1335-HQMKX,Yes
2545-EBUPK,Yes
6923-AQONU,No
2172-EJXVF,Yes
0897-FEGMU,Yes
7663-RGWBC,No
1120-BMWUB,No
9124-LHCJQ,Yes
4536-PLEQY,No
8871-JLMHM,Yes
2235-ZGKPT,Yes
3891-PUQOD,No
5447-VYTKW,No
3623-FQBOX,No
0689-NKYLF,No
8659-HDIYE,Yes
3658-KIBGF,No
5519-YLDGW,Yes
3865-ZFZIB,No
1855-AGAWH,No
7109-CQYUZ,Yes
1370-GGAWX,Yes
4680-KUTAJ,Yes
4946-EDSEW,No
2883-ILGWO,Yes
2516-VQRRV,Yes
7580-UGXNC,No
3642-BYHDO,No
9629-NHXFW,No
2696-RZVZW,Yes
5766-FTRTS,No
0396-HUJBP,No
5178-LMXOP,Yes
8879-ZKJOF,No
6285-FTQBF,Yes
8185-UPYBR,Yes
4585-HETAI,No
7526-BEZQB,Yes
1474-JUWSM,Yes
3530-CRZSB,No
8498-XXGWA,No
9617-INGJY,No
0621-TSSMU,No
7234-KMNRQ,No
7636-PEPNS,No
4683-WYDOU,Yes
9052-DHNKM,Yes
6794-HKIAJ,Yes
5578-NKCXI,No
1642-HMARX,Yes
3096-WPXBT,Yes
8434-PNQZX,Yes
5950-AAAGJ,Yes
4299-OPXEJ,No
4951-UKAAQ,Yes
9618-LFJRU,No
6693-DJWTY,No
0744-GKNGE,Yes
6447-EGDIV,No
1167-OYZJF,No
2108-YKQTY,No
4806-DXQCE,Yes
4918-QLLIW,No
7056-IMHCC,Yes
4854-SSLTN,No
5294-DMSFH,No
1625-JAIIY,Yes
0603-OLQDC,No
3272-VUHPV,No
4176-FXYBO,Yes
1063-DHQJF,No
8663-UPDGF,Yes
6719-FGEDO,Yes
2947-DOMLJ,No
4112-LUEIZ,No
0369-ZGOVK,No
4510-HIMLV,No
9919-KNPOO,Yes
8749-JMNKX,Yes
7872-BAAZR,No
9391-LMANN,No
2430-USGXP,Yes
8174-TBVCF,Yes
1698-XFZCI,Yes
1877-HKBQX,No
4450-DLLMH,No
0428-AXXLJ,No
2746-DIJLO,Yes
5955-ERIHD,Yes
0917-EZOLA,Yes
3508-VLHCZ,Yes
4086-ATNFV,No
0468-YRPXN,No
5996-NRVXR,No
7047-FWEYA,Yes
2000-MPKCA,Yes
9762-YAQAA,Yes
5949-EBSQK,No
5473-KHBPS,Yes
0100-DUVFC,Yes
5397-TUPSH,No
8950-MTZNV,No
0326-VDYXE,Yes
7274-RTAPZ,No
0436-TWFFZ,Yes
8566-YPRGL,No
0311-UNPFF,No
6609-MXJHJ,Yes
2669-OIDSD,No
8400-WZICQ,No
3834-XUIFC,Yes
9576-SYUHJ,Yes
0410-IPFTY,No
2831-EBWRN,No
9430-NKQLY,Yes
8414-MYSHR,No
0247-SLUJI,No
9402-ORRAH,No
6483-OATDN,No
1293-HHSHJ,No
4840-ORQXB,Yes
7599-FKVXZ,Yes
3982-DQLUS,Yes
8610-ZIKJJ,No
3756-VNWDH,Yes
7801-KICAO,Yes
7673-LPRNY,Yes
8229-TNIQA,No
6060-QBMGV,No
7339-POGZN,Yes
2828-SLQPF,No
4465-VDKIQ,No
2921-XWDJH,No
6221-AVQYL,Yes
2558-BUOZZ,Yes
9257-AZMTZ,No
0003-MKNFE,Yes
0975-UYDTX,Yes
7743-EXURX,No
4682-BLBUC,No
5968-VXZLG,No
5569-KGJHX,Yes
4988-IQIGL,Yes
5201-FRKKS,No
9799-CAYJJ,No
7730-IUTDZ,No
0426-TIRNE,No
5443-SCMKX,Yes
8295-KMENE,Yes
9821-BESNZ,Yes
3678-MNGZX,No
2916-BQZLN,Yes
4558-CGYCZ,No
2368-GAKKQ,Yes
8710-YGLWG,No
3199-XGZCY,Yes
3785-KTYSH,Yes
6814-ZPWFQ,Yes
4063-EIKNQ,No
6993-YCOBK,Yes
5206-HPJKM,No
7587-RZNME,No
0748-RDGGM,No
8393-JMVMB,No
5019-GQVCR,Yes
6036-TTFYU,No
2550-AEVRU,No
0969-RGKCU,No
0378-CJKPV,Yes
4706-AXVKM,Yes
5889-JTMUL,Yes
9026-RNUJS,No
3746-EUBYR,Yes
2332-EFBJY,No
2880-FPNAE,No
1703-MGIAB,Yes
4311-QTTAI,No
9474-PHLYD,No
4318-RAJVY,No
2165-VOEGB,No
3612-YUNGG,Yes
2254-DLXRI,Yes
5062-CJJKH,No
9028-LIHRP,No
2219-MVUSO,No
1053-MXTTK,No
0853-TWRVK,Yes
8914-RBTSB,Yes
6212-ATMLK,Yes
8200-LGKSR,Yes
1568-BEKZM,Yes
0670-ANMUU,Yes
6897-RWMUB,No
0963-ZBDRN,No
7594-RQHXR,No
6999-CHVCF,Yes
6134-KWTBV,Yes
1077-HUUJM,No
6331-EWIEB,Yes
0895-LNKRC,No
8417-GSODA,Yes
5171-EPLKN,No
4452-QIIEB,No
5998-VVEJY,Yes
1624-NALOJ,Yes
6741-EGCBI,Yes
7820-ZYGNY,Yes
4317-VTEOA,No
9677-AVKED,Yes
1670-SVOWZ,No
2227-JRSJX,No
9847-HNVGP,No
6696-YDAYZ,No
8980-WQFWL,No
1730-ZMAME,No
6506-EYCNH,No
4634-JLRJT,No
2560-QTSBS,Yes
7541-YLXCL,No
4795-WRNVT,No
6080-TCMYC,Yes
0260-ZDLGK,No
7860-UXCRM,No
6357-JJPQT,No
9552-TGUZV,No
5913-INRQV,No
6210-KBBPI,Yes
9643-YBLUR,Yes
8734-FNWVH,Yes
9447-YPTBX,No
0133-BMFZO,No
6128-CZOMY,No
9540-JYROE,No
2260-USTRB,No
3656-TKRVZ,No
7011-CVEUC,No
6185-TASNN,No
7925-PNRGI,Yes
8623-TMRBY,Yes
1552-CZCLL,No
3038-PQIUY,Yes
1501-SGHBW,No
9313-CDOGY,No
8148-BPLZQ,No
2623-DRYAM,Yes
9987-LUTYD,No
3208-YPIOE,Yes
4488-KQFDT,Yes
2612-RANWT,Yes
5693-PIPCS,No
0491-KAPQG,Yes
6900-PXRMS,Yes
8707-RMEZH,No
3209-ZPKFI,Yes
6479-VDGRK,No
3569-JFODW,Yes
9819-FBNSV,No
9544-PYPSJ,Yes
1591-XWLGB,No
0396-UKGAI,No
3243-ZHOHY,No
5186-EJEGL,No
7527-QNRUS,Yes
9986-BONCE,No
2722-JMONI,No
2203-GHNWN,Yes
3878-AVSOQ,No
3258-SYSWS,Yes
5296-PSYVW,Yes
6319-QSUSR,No
4083-EUGRJ,No
7579-OOPEC,No
0512-FLFDW,Yes
1771-OADNZ,Yes
0487-CRLZF,No
2107-FBPTK,Yes
9451-WLYRI,No
8219-VYBVI,Yes
1991-VOPLL,No
9738-QLWTP,No
1016-DJTSV,No
9419-IPPBE,Yes
0174-QRVVY,Yes
5699-BNCAS,Yes
2900-PHPLN,No
8751-EDEKA,No
6878-GGDWG,No
4039-PIMHX,No
8450-LUGUK,Yes
3604-WLABM,No
0795-GMVQO,Yes
1142-IHLOO,No
6410-LEFEN,No
4633-MKHYU,No
6257-RJOHI,No
1545-JFUML,Yes
3194-ORPIK,Yes
7826-VVKWT,No
1353-GHZOS,No
2587-EKXTS,Yes
5442-BXVND,Yes
8816-VXNZD,Yes
9378-FXTIZ,Yes
1723-HKXJQ,Yes
7825-GKXMW,No
9753-OYLBX,No
2364-UFROM,No
6473-ULUHT,Yes
1240-KNSEZ,No
4433-JCGCG,Yes
3716-BDVDB,No
7688-AWMDX,No
2842-BCQGE,Yes
5899-MQZZL,Yes
6849-OYAMU,No
5312-UXESG,Yes
9488-HGMJH,No
2150-WLKUW,Yes
7159-FVYPK,Yes
7032-LMBHI,Yes
1150-WFARN,Yes
6088-BXMRG,Yes
3144-AUDBS,No
4821-SJHJV,Yes
7346-MEDWM,Yes
1137-DGOWI,No
5616-PRTNT,No
3812-LRZIR,Yes
4818-QIUFN,Yes
9483-GCPWE,No
4227-OJHAL,Yes
9220-CXRSC,Yes
4993-JCRGJ,Yes
9537-JALFH,No
6698-OXETB,No
2103-ZRXFN,Yes
3724-BSCVH,No
4877-TSOFF,Yes
9209-NWPGU,No
6961-VCPMC,No
7306-YDSOI,No
5288-AHOUP,No
6688-UZPWD,Yes
0655-YDGFJ,No
8468-EHYJA,Yes
6823-SIDFQ,No
1097-FSPVW,No
2839-RFSQE,No
7010-ZMVBF,No
5201-CBWYG,Yes
0968-GSIKN,No
1965-DDBWU,Yes
9057-SIHCH,Yes
6352-GIGGQ,Yes
3635-QQRQD,No
6771-XWBDM,Yes
2897-DOVND,No
3082-YVEKW,Yes
7134-HBPBS,Yes
3489-HHPFY,Yes
2926-JEJJC,No
8601-QACRS,Yes
5789-LDFXO,Yes
0508-OOLTO,No
2984-TBYKU,Yes
9822-WMWVG,Yes
2391-SOORI,No
9040-KZVWO,No
2645-QTLMB,No
4806-HIPDW,No
1548-ARAGG,Yes
6339-RZCBJ,No
4424-TKOPW,Yes
4415-WNGVR,No
2522-AHJXR,Yes
0412-UCCNP,No
7096-UCLNH,No
8443-ZRDBZ,Yes
4615-PIVVU,No
8885-QSQBX,No
7479-NITWS,Yes
8617-ENBDS,No
9385-NXKDA,Yes
0430-IHCDJ,Yes
2959-MJHIC,No
6674-KVJHG,Yes
1814-DKOLC,Yes
4201-JMNGR,No
9351-HXDMR,Yes
3537-HPKQT,Yes
2129-ALKBS,Yes
5821-MMEIL,No
5960-WPXQM,No
0684-AOSIH,No
1309-XGFSN,Yes
1866-RZZQS,Yes
6968-URWQU,No
4742-TXUEX,No
9631-XEYKE,Yes
8631-NBHFZ,Yes
1335-MXCSE,No
8873-TMKGR,No
8800-JOOCF,Yes
1469-LBJQJ,Yes
4958-XCBDQ,Yes
8337-UPOAQ,Yes
0064-YIJGF,Yes
2386-OWURY,No
1725-IQNIY,No
0310-VQXAM,No
6598-RFFVI,No
3453-RTHJQ,No
6712-OAWRH,No
6278-FEPBZ,No
4280-DLSHD,No
1508-DFXCU,No
8614-VGMMV,Yes
7868-BGSZA,Yes
2800-QQUSO,Yes
2930-UOTMB,Yes
7973-DZRKH,Yes
5914-DVBWJ,Yes
7698-YFGEZ,No
2533-QVMSK,Yes
9773-PEQBZ,Yes
8644-XLFBW,No
0650-BWOZN,No
8625-AZYZY,Yes
7785-RDVIG,No
9602-WCXPI,No
2903-YYTBW,No
3620-MWJNE,No
8573-JGCZW,No
6837-HAEVO,Yes
6701-YVNQG,Yes
9306-CPCBC,Yes
4304-XUMGI,Yes
9504-YAZWB,No
8819-ZBYNA,Yes
9481-IEBZY,Yes
1833-VGRUM,Yes
6137-NICCO,Yes
9065-ZCPQX,Yes
6402-EJMWF,No
3620-EHIMZ,No
3213-VVOLG,Yes
6870-ECSHE,No
8747-UDCOI,No
8374-XGEJJ,Yes
2656-TABEH,Yes
6946-LMSQS,Yes
4626-OZDTJ,Yes
9169-BSVIN,Yes
2325-ZUSFD,No
8194-PEEBY,No
6872-HXFNF,Yes
3932-CMDTD,No
7714-YXSMB,Yes
8387-UGUSU,No
1080-BWSYE,Yes
4039-HEUNW,Yes
1194-HVAIF,Yes
0812-WUPTB,No
3594-UVONA,Yes
0004-TLHLJ,No
1767-TGTKO,No
8439-LTUGF,No
8805-JNRAZ,No
5089-IFSDP,Yes
6418-HNFED,No
0206-OYVOC,No
7291-CDTMJ,No
7128-GGCNO,Yes
0237-YFUTL,Yes
7691-KGKGP,No
6710-HSJRD,Yes
3675-EQOZA,No
0840-DCNZE,No
1732-FEKLD,Yes
0479-HMSWA,No
5854-KSRBJ,Yes
0365-BZUWY,Yes
4817-VYYWS,Yes
5701-SVCWR,Yes
3129-AAQOU,Yes
4922-CVPDX,No
1396-QWFBJ,No
1357-BIJKI,Yes
5299-SJCZT,Yes
2018-PZKMU,No
4570-QHXHL,No
2403-BCASL,Yes
7392-YYPYJ,Yes
2223-GDSHL,Yes
7359-PTSXY,No
9470-RTWDV,Yes
2176-OSJUV,Yes
9348-YVOMK,No
8104-OSKWT,Yes
4521-YEEHE,Yes
4090-KPJIP,Yes
3786-WOVKF,Yes
4503-BDXBD,No
6086-ESGRL,No
2592-HODOV,No
3886-CERTZ,Yes
7995-ZHHNZ,Yes
3824-RHKVR,No
5816-SCGFC,No
5989-AXPUC,Yes
4979-HPRFL,Yes
8590-OHDIW,No
8015-IHCGW,Yes
2332-TODQS,Yes
9278-VZKCD,Yes
8008-OTEZX,No
2773-OVBPK,Yes
5206-XZZQI,No
4803-LBYPN,No
6372-RFVNS,No
2139-FQHLM,No
8261-GWDBQ,Yes
1093-YSWCA,No
8938-UMKPI,Yes
0991-BRRFB,No
3882-IYOIJ,Yes
8749-TZYEC,Yes
1755-FZQEC,No
3115-JPJDD,No
5600-KTXFM,No
3871-IKPYH,No
6319-IEJWJ,No
9025-AOMKI,Yes
6339-TBELP,Yes
7964-YESJC,Yes
6173-GOLSU,Yes
5275-SQEIZ,No
7716-YTYHG,Yes
9938-ZREHM,Yes
4390-KYULV,No
4647-MUZON,No
9702-AIUJO,No
8849-PRIQJ,Yes
8851-RAGOV,No
1304-NECVQ,Yes
5396-IZEPB,No
8285-ABVLB,No
0701-TJSEF,No
5712-VBOXD,No
6629-LADHQ,No
8945-GRKHX,No
4797-MIWUM,No
6959-UWKHF,No
8720-RQSBJ,No
4537-CIBHB,No
4324-AHJKS,No
4355-CVPVS,No
4495-LHSSK,Yes
5655-JSMZM,Yes
5915-ANOEI,Yes
9861-PDSZP,Yes
4505-EXZHB,No
7225-CBZPL,Yes
4587-VVTOX,Yes
2019-HDCZY,Yes
4652-NNHNY,Yes
8788-DOXSU,No
7404-JLKQG,No
8972-HJWNV,Yes
3274-NSDWE,No
2632-IVXVF,Yes
3692-JHONH,Yes
8915-NNTRC,Yes
5914-GXMDA,No
7463-IFMQU,No
2920-RNCEZ,No
2541-YGPKE,No
8515-OCTJS,Yes
5382-TEMLV,No
9592-ERDKV,Yes
2860-RANUS,Yes
4778-IZARL,No
0432-CAJZV,No
7008-LZVOZ,Yes
8868-WOZGU,Yes
1200-TUZHR,Yes
9365-CSLBQ,Yes
5884-FBCTL,Yes
7130-CTCUS,No
6242-FEGFD,Yes
7625-XCQRH,Yes
6194-HBGQN,Yes
6986-IXNDM,No
1731-TVIUK,Yes
2987-BJXIK,Yes
9769-TSBZE,Yes
0406-BPDVR,Yes
0618-XWMSS,No
1395-WSWXR,No
6023-GSSXW,No
6752-APNJL,No
5276-KQWHG,No
0420-HLGXF,Yes
7446-KQISO,Yes
9823-EALYC,Yes
0582-AVCLN,No
5803-NQJZO,Yes
2565-JSLRY,Yes
2607-DHDAK,No
1073-XXCZD,Yes
4006-HKYHO,No
3727-JEZTU,No
8143-ETQTI,No
6689-KXGBO,No
9667-TKTVZ,Yes
3657-COGMW,Yes
8570-KLJYJ,Yes
7754-IXRMC,No
9473-CBZOP,Yes
2969-WGHQO,No
6615-NGGZJ,Yes
4255-DDUOU,No
5863-OOKCL,No
1686-STUHN,No
2984-MIIZL,No
0266-GMEAO,Yes
5574-NXZIU,No
4256-ZWTZI,No
8309-PPCED,Yes
4098-NAUKP,Yes
5196-WPYOW,No
4608-LCIMN,No
1485-YDHMM,Yes
4054-CUMIA,No
0603-TPMIB,Yes
2525-GVKQU,No
8161-QYMTT,Yes
5404-GGUKR,No
2126-GSEGL,Yes
3677-TNKIO,No
0440-QEXBZ,Yes
2434-EEVDB,Yes
6199-IWKGC,Yes
2675-DHUTR,Yes
8152-VETUR,Yes
7446-YPODE,Yes
7980-MHFLQ,Yes
2873-ZLIWT,Yes
3415-TAILE,No
0757-WCUUZ,Yes
1629-DQQVB,No
1915-IOFGU,No
3045-XETSH,Yes
0374-AACSZ,No
7239-HZZCX,No
4872-VXRIL,Yes
9140-CZQZZ,No
3423-HHXAO,No
9938-TKDGL,No
0531-ZZJWQ,Yes
2688-BHGOG,No
7683-CBDKJ,No
0946-CLJTI,Yes
1325-USMEC,Yes
0916-QOFDP,Yes
0628-CNQRM,No
5606-AMZBO,Yes
6199-IPCAO,Yes
7665-TOALD,No
0112-QWPNC,Yes
0324-BRPCJ,Yes
2777-PHDEI,No
2235-EZAIK,Yes
3847-BAERP,No
1196-AMORA,Yes
4282-YMKNA,Yes
1453-RZFON,No
8263-OKETD,Yes
0670-KDOMA,No
2476-YGEFM,Yes
8687-BAFGU,No
0641-EVBOJ,No
0829-XXPLX,No
9974-JFBHQ,No
5356-RHIPP,No
0608-JDVEC,No
9780-FKVVF,No
1919-RTPQD,No
5214-NLTIT,Yes
3345-PBBFH,No
5055-BRMNE,Yes
9189-JWSHV,Yes
2190-PHBHR,Yes
2650-GYRYL,No
5208-FVQKB,No
7184-LRUUR,No
6627-CFOSN,Yes
3982-JGSFD,No
1574-DYCWE,No
7247-XOZPB,Yes
2466-FCCPT,No
6211-WWLTF,No
4826-TZEVA,No
6016-NXBNJ,No
9138-EFSMO,No
0576-WNXXC,Yes
4632-XJMEX,No
8910-LEDAG,No
3452-GWUIN,Yes
2716-GFZOR,No
3724-UCSHY,No
8626-XHBIE,Yes
3192-LNKRK,No
2876-VBBBL,No
2208-UGTGR,Yes
3005-TYFRD,Yes
8670-MEFCP,Yes
3079-BCHLN,No
7777-UNYHB,No
5597-GLBUC,No
7278-CKDNC,Yes
2748-MYRVK,Yes
2969-VAPYH,No
4822-YCXMX,Yes
7181-OQCUT,Yes
8474-UMLNT,No
9821-POOTN,Yes
3836-FZSDJ,Yes
9142-XMYJH,No
0187-QSXOE,No
2649-HWLYB,Yes
5214-CHIWJ,No
4229-CZMLL,Yes
6904-JLBGY,Yes
2465-BLLEU,No
1685-VAYJF,No
8874-EJNSR,Yes
6917-YACBP,Yes
5049-MUBWG,No
4223-WOZCM,No
9253-VIFJQ,Yes
7030-FZTFM,Yes
9741-YLNTD,Yes
5917-RYRMG,No
5120-ZBLAI,Yes
3663-MITLP,No
0906-QVPMS,Yes
9025-ZRPVR,No
1905-OEILC,No
7858-GTZSP,Yes
6248-BSHKG,No
4685-TFLLS,No
3470-BTGQO,No
8224-DWCKX,Yes
4553-DVPZG,Yes
4902-OHLSK,Yes
0495-ZBNGW,Yes
8620-RJPZN,No
7572-KPVKK,Yes
2642-MAWLJ,No
2357-COQEK,Yes
7103-ZGVNT,Yes
3737-GCSPV,Yes
2027-WKXMW,Yes
7137-NAXML,No
2428-ZMCTB,No
2961-VNFKL,Yes
1768-HNVGJ,Yes
6963-KQYQB,Yes
5934-RMPOV,Yes
1207-BLKSA,Yes
4088-YLDSU,Yes
1166-PQLGG,No
3146-JTQHR,No
4291-YZODP,No
4395-PZMSN,No
6427-FEFIG,Yes
0017-IUDMW,Yes
4385-ZKVNW,No
5446-DKWYW,Yes
2034-CGRHZ,Yes
5797-APWZC,No
3683-QKIUE,No
4228-ZGYUW,Yes
9031-ZVQPT,Yes
2990-IAJSV,Yes
8107-KNCIM,Yes
9027-YFHQJ,Yes
5176-LDKUH,No
4644-OBGFZ,No
7926-IJOOU,No
6480-YAGIY,No
4029-HPFVY,No
7602-DBTOU,No
5345-BMKWB,No
3519-ZKXGG,Yes
5457-COLHT,No
6416-TVAIH,No
5451-YHYPW,Yes
5108-ADXWO,No
7998-WNZEM,Yes
3066-RRJIO,No
0307-BCOPK,No
7629-WFGLW,Yes
2542-HYGIQ,No
6715-OFDBP,No
5016-LIPDW,No
1567-DSCIC,Yes
2150-UWTFY,No
6124-ACRHJ,No
9362-MWODR,No
9975-GPKZU,No
9625-RZFUK,No
5153-LXKDT,Yes
5161-UBZXI,No
1020-JPQOW,Yes
7919-ZODZZ,No
0565-JUPYD,Yes
5939-XAIXZ,Yes
9054-FOWNV,Yes
2683-BPJSO,Yes
2157-MXBJS,Yes
8207-VVMYB,Yes
9732-EQMWY,No
9360-AHGNL,Yes
1087-UDSIH,No
5269-NRGDP,No
6195-MELTI,No
5485-WUYWF,No
2121-JAFOM,Yes
8818-DOPVL,Yes
2632-UCGVD,Yes
5445-PZWGX,Yes
1227-UDMZR,Yes
5198-HQAEN,No
9170-CCKOU,Yes
2167-FQSTQ,Yes
2819-GWENI,No
1043-YCUTE,Yes
3814-MLAXC,Yes
3572-UUHRS,No
2692-PFYTJ,Yes
1226-UDFZR,No
5955-EPOAZ,No
6821-JPCDC,No
8815-LMFLX,Yes
9135-HSWOC,No
5811-IWXYM,Yes
7044-YAACC,No
8189-XRIKE,No
1506-YJTYT,Yes
4123-DVHPH,Yes
6425-YQLLO,Yes
5442-UTCVD,Yes
2228-BZDEE,No
2789-CZANW,Yes
2091-RFFBA,Yes
2114-MGINA,No
7596-LDUXP,No
3740-RLMVT,No
4489-SNOJF,Yes
2192-OZITF,Yes
5651-CPDND,No
2186-QZEYA,Yes
1131-ALZWV,Yes
7729-XBTWX,No
9134-WYRVP,No
3284-SVCRO,Yes
9732-OUYRN,No
0559-CKHUS,No
2931-SVLTV,Yes
6899-PPEEA,Yes
7504-UWHNB,No
1431-AIDJQ,No
6288-LBEAR,No
4597-NUCQV,Yes
9019-QVLZD,No
8413-YNHNV,Yes
5808-TOTXO,No
4369-NYSCF,No
6333-YDVLT,Yes
5324-KTGCG,No
5599-HVLTW,Yes
7394-LWLYN,No
3707-LRWZD,Yes
6873-UDNLD,No
2700-LUEVA,No
1455-ESIQH,No
0958-YHXGP,No
1101-SSWAG,Yes
2979-SXESE,Yes
4013-TLDHQ,No
5743-KHMNA,Yes
4194-FJARJ,Yes
5325-UWTWJ,Yes
3969-GYXEL,No
9208-OLGAQ,No
3244-CQPHU,Yes
2674-MLXMN,Yes
6992-TKNYO,Yes
4468-YDOVK,No
3754-DXMRT,No
5792-JALQC,Yes
7130-VTEWQ,Yes
2200-DSAAL,Yes
4302-ZYFEL,No
9351-LZYGF,Yes
4366-CTOUZ,No
6121-VZNQB,No
7903-CMPEY,Yes
1518-OMDIK,No
6671-NGWON,No
0595-ITUDF,Yes
6996-KNSML,No
1955-IBMMB,No
0096-BXERS,Yes
3806-YAZOV,No
7998-ZLXWN,No
6253-WRFHY,No
9133-AYJZG,Yes
2675-OTVVJ,Yes
8680-CGLTP,No
8430-TWCBX,No
5018-GWURO,Yes
6741-QRLUP,Yes
4737-HOBAX,Yes
0537-QYZZN,Yes
3340-QBBFM,No
1704-NRWYE,No
8200-KLNYW,No
3372-CDXFJ,Yes
4781-ZXYGU,No
7632-YUTXB,No
2718-YSKCS,No
9896-UYMIE,Yes
0853-NWIFK,No
8212-CRQXP,No
6980-CDGFC,No
7691-XVTZH,Yes
2520-SGTTA,No
7481-ATQQS,Yes
2277-VWCNI,Yes
1088-CNNKB,Yes
8642-GVWRF,No
1930-BZLHI,No
3400-ESFUW,No
5868-YTYKS,No
3525-DVKFN,No
1482-OXZSY,Yes
0377-JBKKT,No
5778-BVOFB,No
3373-YZZYM,No
2057-ZBLPD,Yes
0228-MAUWC,Yes
5502-RLUYV,Yes
7663-YJHSN,Yes
4915-BFSXL,Yes
3086-RUCRN,Yes
7576-JMYWV,Yes
0257-KXZGU,Yes
1307-ATKGB,No
8417-FMLZI,No
3714-XPXBW,Yes
1850-AKQEP,No
2824-DXNKN,Yes
0848-ZGQIJ,No
8042-RNLKO,Yes
1792-UXAFY,No
5372-FBKBN,No
0420-TXVSG,Yes
6217-TOWGS,Yes
0515-YPMCW,No
0378-XSZPU,No
1045-LTCYT,No
1544-JJMYL,No
4636-JGAAI,Yes
6874-SGLHU,No
5951-AOFIH,No
3059-NGMXB,Yes
8652-YHIYU,Yes
5278-PNYOX,No
5449-FIBXJ,Yes
3486-HOOGQ,Yes
5061-PBXFW,No
8630-FJLIB,No
4749-OJKQU,Yes
0577-WHMEV,Yes
5453-AXEPF,Yes
3639-XJHKQ,No
3716-LRGXK,Yes
2263-SFSQZ,Yes
9950-MTGYX,No
3397-AVTKU,No
4825-FUREZ,No
9837-BMCLM,No
2672-OJQZP,No
0137-UDEUO,No
3134-DSHVC,Yes
6161-UUUTA,No
7821-DPRQE,Yes
6543-XRMYR,Yes
2001-EWBQU,Yes
4925-LMHOK,Yes
1608-GMEWB,Yes
6695-AMZUF,No
1455-UGQVH,Yes
8410-BGQXN,No
8280-MQRQN,No
1619-YWUBB,Yes
7611-YKYTC,No
2037-SGXHH,Yes
3178-FESZO,Yes
0365-GXEZS,No
0082-OQIQY,No
6087-MVHJH,Yes
4603-JANFB,No
3018-TFTSU,No
4806-KEXQR,No
0667-NSRGI,Yes
7083-YNSKY,Yes
6893-ODYYE,No
8242-JSVBO,No
2479-BRAMR,Yes
9541-ZPSEA,No
2665-NPTGL,Yes
4693-VWVBO,No
7434-SHXLS,No
6937-GCDGQ,No
0988-JRWWP,No
5075-JSDKI,Yes
7908-QCBCA,No
6711-FLDFB,Yes
3873-WOSBC,Yes
7465-ZZRVX,No
7975-JMZNT,Yes
7251-XFOIL,Yes
4116-IQRFR,Yes
3714-JTVOV,No
8259-DZLIZ,Yes
0442-ZXKVS,Yes
7853-WNZSY,No
3120-FAZKD,Yes
8606-OEGQZ,Yes
0225-ZORZP,No
4702-IOQDC,No
9489-JMTTN,Yes
0575-CUQOV,No
0967-BMLBD,No
6178-KFNHS,Yes
2830-LEWOA,No
5006-MXVRN,No
1264-BYWMS,Yes
9658-WYUFB,Yes
8327-WKMIE,No
6917-FIJHC,Yes
5329-KRDTM,Yes
7797-EJMDP,No
3530-VWVGU,No
2013-SGDXK,No
6368-NWMCE,Yes
3633-CDBUW,No
0707-HOVVN,Yes
8580-QVLOC,Yes
3956-MGXOG,No
9274-UARKJ,No
4077-HWUYD,Yes
2012-NWRPA,Yes
8808-ELEHO,Yes
0103-CSITQ,Yes
3506-LCJDC,No
7305-ZWMAJ,No
9518-XXBXE,No
3934-HXCFZ,Yes
6578-KRMAW,No
4860-IJUDE,No
7666-WKRON,No
9688-YGXVR,No
0423-UDIJQ,No
1945-XISKS,No
4910-AQFFX,Yes
2154-KVJFF,Yes
5360-LJCNJ,Yes
2607-FBDFF,No
9647-ERGBE,Yes
3428-XZMAZ,No
0378-TOVMS,No
4355-HBJHH,Yes
6728-WYQBC,No
9058-CBREO,Yes
9029-FEGVJ,Yes
7216-KAOID,No
0318-QUUOB,No
6145-NNPNO,No
5520-FVEWJ,Yes
5339-TJFEK,Yes
5572-ZDXHY,No
2074-GUHPQ,Yes
4625-XMOYM,Yes
5827-MWCZK,Yes
1385-TQOZW,No
5914-XRFQB,Yes
4329-YPDDQ,No
4804-NCPET,No
3750-CKVKH,No
8063-GBATB,Yes
7787-BNTZM,No
2252-ISRNH,Yes
9415-TPKRV,Yes
5322-TEUJK,Yes
4547-KQRTM,Yes
4877-EVATK,No
8375-KVTHK,No
2697-NQBPF,Yes
3709-OIJEA,No
7639-SUPCW,No
1386-ZIKUV,No
0599-XNYDO,No
6377-WHAOX,Yes
6855-VLGOS,No
8999-XXGNS,Yes
8746-OQQRW,Yes
3181-MIZBN,No
0471-ARVMX,Yes
7766-CLTIC,No
5650-YLIBA,Yes
0825-CPPQH,No
9084-OAYKL,No
6122-LJADA,Yes
2400-XIWIO,Yes
7524-VRLPL,Yes
1069-XAIEM,Yes
7569-NMZYQ,Yes
5201-USSQZ,No
2105-PHWON,Yes
1494-EJZDW,No
4884-TVUQF,Yes
8003-EWNDZ,No
1897-RCFUM,Yes
9256-JTBNZ,No
4658-HCOHW,No
2211-RMNHO,Yes
2432-TFSMK,Yes
3440-JPSCL,No
4929-ROART,Yes
1834-ABKHQ,No
1741-WTPON,Yes
3932-IJWDZ,Yes
1240-HCBOH,Yes
8065-BVEPF,No
3796-ENZGF,Yes
1734-ZMNTZ,Yes
2853-CWQFQ,No
0813-TAXXS,Yes
2519-TWKFS,Yes
2889-FPWRM,Yes
0626-QXNGV,Yes
6987-XQSJT,Yes
4732-RRJZC,No
9499-XPZXM,Yes
4338-EYCER,No
3007-FDPEA,No
6350-XFYGW,No
4290-BSXUX,Yes
8513-OLYGY,Yes
0311-QYWSS,No
8705-DWKTI,No
8755-IWJHN,Yes
0325-XBFAC,No
4480-QQRHC,No
0929-PECLO,Yes
3680-CTHUH,Yes
1202-KKGFU,No
6112-KTHFQ,No
1852-XEMDW,Yes
2462-XIIJB,Yes
4760-XOHVN,No
1820-DJFPH,Yes
9426-SXNHE,No
9068-FHQHD,No
1269-FOYWN,No
9470-YFUYI,No
7817-BOQPW,Yes
7402-EYFXX,Yes
1853-UDXBW,No
5458-CQJTA,No
1230-QAJDW,Yes
5701-ZIKJE,No
5219-YIPTK,Yes
5032-MIYKT,No
7396-VJUZB,No
9717-QEBGU,No
5172-RKOCB,Yes
6509-TSGWN,Yes
3540-RZJYU,No
3178-CIFOT,No
4530-NDRKU,No
5985-TBABQ,Yes
9800-ONTFE,Yes
8455-HIRAQ,No
6616-AALSR,Yes
0883-EIBTI,No
9415-ZNBSX,Yes
4018-KJYUY,No
0722-TROQR,Yes
7571-YXDAD,Yes
8780-RSYYU,No
5537-UXXVS,No
1791-PQHBB,No
8701-DGLVH,No
3393-FMZPV,Yes
8082-GHXOP,No
6402-ZFPPI,Yes
0980-FEXWF,No
7486-KSRVI,Yes
3011-WQKSZ,No
8443-WVPSS,No
3006-XIMLN,Yes
8218-FFJDS,Yes
1986-PHGZF,Yes
9965-YOKZB,Yes
0504-HHAPI,Yes
9360-OMDZZ,Yes
6305-YLBMM,No
0345-XMMUG,Yes
8024-XNAFQ,Yes
3647-GMGDH,No
2988-GBIVW,Yes
2832-SCUCO,No
7036-ZZKBD,No
3791-LGQCY,Yes
0265-PSUAE,No
0463-TXOAK,Yes
0594-UFTUL,No
9509-MPYOD,No
9128-CPXKI,No
0129-KPTWJ,No
8166-ZZTFS,Yes
5855-EIBDE,Yes
5365-LLFYV,No
5956-YHHRX,Yes
2956-GGUCQ,Yes
1928-BXYIV,Yes
5760-FXFVO,No
6595-COKXZ,No
0961-ZWLVI,Yes
5181-OABFK,No
4007-NHVHI,Yes
5871-DGTXZ,No
7550-WIQVA,Yes
7544-ZVIKX,Yes
0016-QLJIS,Yes
7508-DQAKK,Yes
5176-OLSKT,Yes
9356-AXGMP,Yes
3556-BVQGL,No
0362-ZBZWJ,Yes
8979-CAMGB,Yes
4211-MMAZN,No
7581-EBBOU,No
4274-OWWYO,No
5073-RZGBK,Yes
1541-ETJZO,Yes
3154-HMWUU,No
7813-ZGGAW,Yes
8748-HFWBO,No
1052-QJIBV,No
1319-YLZJG,No
4106-HADHQ,No
0723-FDLAY,Yes
3050-RLLXC,Yes
9298-WGMRW,Yes
2369-UAPKZ,Yes
3088-LHEFH,Yes
6583-KQJLK,No
8544-JNBOX,No
6681-ZSEXG,Yes
6139-ZZRBQ,No
6116-RFVHN,Yes
0637-KVDLV,Yes
8884-FEEWR,No
3125-RAHBV,No
6633-MPWBS,No
8785-EPNCG,Yes
1682-VCOIO,No
5729-KLZAR,No
2072-ZVJJX,Yes
8849-AYPTR,No
9518-IMLHK,No
1582-RAFML,Yes
3646-ITDGM,No
8740-CRYFY,No
3569-VLDHH,No
8224-KDLKN,Yes
7594-LZNWR,No
4001-TSBTV,No
2962-XPMCQ,No
1043-UXOVO,Yes
1064-FBXNK,No
3996-ZNWYK,No
2878-DHMIN,No
7762-ONLJY,No
1678-FYZOW,No
5795-BKOYE,No
7402-PWYJJ,Yes
5480-TBGPH,No
0018-NYROU,No
7501-VTYLJ,No
7608-RGIRO,Yes
0480-BIXDE,No
5895-QSXOD,No
9814-AOUDH,No
6175-IRFIT,No
8760-ZRHKE,Yes
1622-HSHSF,No
8854-CCVSQ,Yes
6749-UTDVX,Yes
5542-DHSXL,No
9102-OXKFY,Yes
0511-JTEOY,No
5216-WASFJ,Yes
7808-DVWEP,No
7067-KSAZT,Yes
2284-VFLKH,No
0366-NQSHS,No
6532-YLWSI,No
3807-BPOMJ,No
3892-NXAZG,Yes
4948-WBBKL,Yes
4182-BGSIQ,No
9300-AGZNL,Yes
0988-AADSA,Yes
9972-NKTFD,No
3717-LNXKW,Yes
5734-EJKXG,Yes
2207-RYYRL,Yes
6729-FZWSY,No
9695-IDRZR,Yes
8144-DGHXP,No
7814-LEEVE,No
1112-CUNAO,Yes
5175-AOBHI,No
5174-RNGBH,No
8631-WUXGY,No
7270-BDIOA,Yes
9565-JSNFM,No
5906-DVAPM,Yes
6654-QGBZZ,No
8348-JLBUG,No
0607-DAAHE,No
5641-DMBFJ,Yes
2664-XJZNO,No
9732-KPKBW,No
3339-EAQNV,Yes
0921-OHLVP,Yes
3389-YGYAI,Yes
9560-ARGQJ,No
1600-DILPE,No
0536-ESJEP,No
6478-HRRCZ,No
8510-BBWMU,No
6857-TKDJV,Yes
2360-RDGRO,Yes
0584-BJQGZ,Yes
5134-IKDAY,No
1360-XFJMR,Yes
3070-DVEYC,Yes
9058-MJLZC,No
5707-ORNDZ,Yes
0902-XKXPN,No
5177-RVZNU,No
8993-IZEUX,No
8696-JKZNU,Yes
5380-AFSSK,Yes
0931-MHTEM,No
2055-PDADH,No
7515-LODFU,No
0440-UEDAI,No
0868-VJRDR,No
8714-EUHJO,Yes
3950-VPYJB,No
8041-TMEID,Yes
6941-KXRRV,No
3721-CNEYS,No
8727-JQFHV,No
9475-NNDGC,Yes
1355-KUSBG,Yes
3688-FTHLT,Yes
0899-LIIBW,Yes
2568-OIADY,Yes
1384-RCUXW,Yes
5825-XJOCM,Yes
6848-YLDFR,No
8125-QPFJD,Yes
2320-YKQBO,No
1193-RTSLK,No
2302-ANTDP,Yes
5923-GXUOC,No
4973-RLZVI,No
7869-ZYDST,Yes
4501-UYKBC,Yes
1215-EXRMO,No
2305-MRGLV,No
2359-KLTEK,No
5304-EFJLP,Yes
2673-ZALNP,No
9184-GALIL,No
4393-RYCRE,No
9746-MDMBK,Yes
3162-ZJZFU,No
8404-GFGCZ,Yes
8875-AKBYH,Yes
4432-ADRLB,No
0533-UCAAU,Yes
1394-SUIUH,No
3521-MNKLV,No
1565-RHDJD,Yes
7137-RYLPP,Yes
3765-JXVKY,No
5092-STPKP,No
7330-WZLNC,Yes
0114-PEGZZ,Yes
3359-DSRKA,No
8639-NHQEI,Yes
7161-DFHUF,Yes
3957-LXOLK,Yes
3720-DBRWL,No
6635-MYYYZ,No
8565-WUXZU,No
5281-BUZGT,Yes
4994-OBRSZ,No
0562-FGDCR,Yes
3420-YJLQT,Yes
6040-CGACY,No
6582-PLFUU,No
0264-CNITK,No
0089-IIQKO,Yes
7839-NUIAA,Yes
6075-QMNRR,No
5966-EMAZU,Yes
0440-EKDCF,No
4774-HHGGS,No
2718-GAXQD,No
2055-BFOCC,No
8180-AKMJV,No
4298-OYIFC,Yes
5566-SOEZD,No
2272-WUSPA,Yes
4584-LBNMK,Yes
3898-GUYTS,Yes
0930-EHUZA,No
6413-XKKPU,No
9975-SKRNR,No
3703-KBKZP,Yes
1449-XQEMT,No
2626-URJFX,Yes
4973-MGTON,No
3682-YEUWS,Yes
1223-UNPKS,No
2612-RRIDN,No
4735-ASGMA,Yes
3446-QDSZF,No
6892-EZDTG,Yes
5117-IFGPS,Yes
7379-FNIUJ,No
1627-AFWVJ,No
9725-SCPZG,No
5884-GCYMI,No
3217-FZDMN,No
4486-EFAEB,No
0060-FUALY,Yes
7853-GVUDZ,No
7480-QNVZJ,Yes
6954-OOYZZ,No
7088-FBAWU,No
8313-AFGBW,No
3943-KDREE,Yes
3097-IDVPU,Yes
4398-HSCJH,Yes
2303-PJYHN,No
1237-WIYYZ,No
1987-AUELQ,Yes
7852-LECYP,Yes
4822-LPTYJ,Yes
6527-PZFPV,No
4855-SNKMY,No
9593-CVZKR,Yes
8595-SIZNC,Yes
7124-UGSUR,Yes
5236-XMZJY,No
4827-DPADN,Yes
2694-CIUMO,Yes
5846-ABOBJ,Yes
1439-LCGVL,No
4647-XXZAM,No
1502-XFCVR,No
9692-TUSXH,No
7912-SYRQT,Yes
3557-HTYWR,Yes
4816-JBHOV,No
8920-NAVAY,Yes
1699-TLDLZ,No
5600-PDUJF,No
8292-TYSPY,No
1867-BDVFH,Yes
2067-QYTCF,Yes
2359-QWQUL,No
9103-TCIHJ,Yes
7407-SUJIZ,No
9150-KPBJQ,No
0052-DCKON,Yes
3654-ARMGP,Yes
9699-UBQFS,Yes
9367-TCUYN,No
0708-SJDIS,Yes
4140-WJAWW,No
6928-ONTRW,No
3320-VEOYC,Yes
5231-FIQPA,No
6617-WLBQC,Yes
2599-CIPQE,No
6653-CBBOM,No
8774-GSBUN,Yes
7326-RIGQZ,No
1401-FTHFQ,No
3247-ZVOUO,Yes
0254-FNMCI,No
1848-LBZHY,No
6101-IMRMM,No
8118-TJAFG,No
5429-LWCMV,Yes
7298-IZWLY,No
3955-JBZZM,No
1268-ASBGA,Yes
8943-URTMR,No
4815-TUMEQ,No
4713-LZDRV,No
9909-IDLEK,Yes
4092-OFQZS,No
1561-BWHIN,No
4325-NFSKC,Yes
9927-DSWDF,No
9500-LTVBP,Yes
7252-NTGSS,No
8149-AIQCG,Yes
1360-JYXKQ,No
2955-PSXOE,No
7762-URZQH,Yes
0899-WZRSD,Yes
3255-GRXMG,No
4828-FAZPK,Yes
6094-ZIVKX,No
6925-BAYGL,Yes
3262-EIDHV,Yes
7354-OIJLX,Yes
1376-HHBDV,No
6907-NZZIJ,Yes
4135-FRWKJ,Yes
3744-ZRRDZ,Yes
6551-ZCOTS,Yes
5018-LXQQG,No
6892-BOGQE,No
1602-IJQQE,Yes
4628-WQCQQ,No
1746-TGTWV,No
5995-SNNEW,Yes
2821-WARNZ,No
4879-GZLFH,No
1644-IRKSF,No
8314-HTWVE,No
9402-ROUMJ,Yes
2507-QZPQS,Yes
7159-NOKYQ,Yes
5707-ZMDJP,No
8779-YIQQA,No
7136-IHZJA,No
8966-OIQHG,No
3705-PSNGL,No
8739-QOTTN,No
1399-OUPJN,No
0277-BKSQP,No
6502-HCJTI,Yes
5774-XZTQC,No
2676-SSLTO,Yes
6266-QHOJZ,Yes
7269-JISCY,No
0363-SVHYR,Yes
8547-NSBBO,Yes
8258-GSTJK,Yes
6861-OKBCE,No
9940-RHLFB,No
6591-QGOYB,Yes
9070-BCKQP,Yes
6421-SZVEM,No
1328-EUZHC,No
2995-UPRYS,No
8878-RYUKI,No
9633-DENPU,No
7811-JIVPF,No
7113-HIPFI,No
8541-QVFKM,Yes
6686-YPGHK,No
1383-EZRWL,No
9258-CNWAC,Yes
5371-VYLSX,Yes
6374-AFWOX,No
4759-TRPLW,No
7621-VPNET,Yes
6034-YMTOB,No
8563-IIOXK,No
4903-CNOZC,Yes
4353-HYOJD,No
8020-BWHYL,No
7267-FRMJW,No
2982-VPSGI,Yes
4188-FRABG,Yes
8199-ZLLSA,Yes
4128-ETESU,Yes
0620-DLSLK,No
5980-NOPLP,Yes
3850-OKINF,Yes
6892-XPFPU,Yes
8010-EZLOU,Yes
1156-ZFYDO,No
3295-YVUSR,Yes
8016-NCFVO,Yes
4119-ZYPZY,Yes
5549-ZGHFB,Yes
7577-SWIFR,No
0303-WMMRN,No
6408-OTUBZ,Yes
5204-HMGYF,No
3727-OVPRY,Yes
3797-FKOGQ,Yes
6196-HBOBZ,Yes
3970-XGJDU,No
7017-VFULY,No
5562-YJQGT,No
8807-OPMBM,Yes
5439-WIKXB,No
9874-QLCLH,Yes
8294-UIMBA,No
8109-YUOHE,No
5840-NVDCG,No
8092-NLTGF,Yes
5928-QLDHB,Yes
9840-EFJQB,No
0696-UKTOX,No
4801-KFYKL,No
6135-OZQVA,Yes
8062-YBDOE,No
2252-JHJGE,Yes
4188-PCPIG,No
6000-APYLU,No
7105-BENQF,No
7721-DVEKZ,No
3566-VVORZ,No
9507-HSMMZ,No
2480-SQIOB,No
0947-IDHRQ,No
7813-TKCVO,No
3672-YITQD,Yes
4350-ZTLPI,Yes
9048-JVYVF,No
5727-MYATE,Yes
3823-KYNQY,Yes
8988-ECPJR,Yes
7570-WELNY,Yes
3021-VLNRJ,No
2080-CAZNM,Yes
1028-FFNJK,Yes
6907-FLBER,Yes
3001-UNBTL,Yes
5982-PSMKW,Yes
3507-GASNP,No
7096-ZNBZI,Yes
1902-XBTFB,No
1676-MQAOA,No
0786-IVLAW,Yes
7566-DSRLQ,Yes
0643-OKLRP,Yes
7245-JMTTQ,Yes
6050-IJRHS,Yes
6202-JVYEU,No
8591-TKMZH,Yes
0734-OXWBT,No
0365-TRTPY,Yes
7349-ALMUX,No
6502-KUGLL,No
1841-YSJGV,Yes
8382-SHQEH,Yes
7668-XCFYV,Yes
2983-ZANRP,No
7845-URHJN,No
5018-HEKFO,Yes
2923-ARZLG,No
3976-NLDEZ,No
2282-YGNOR,No
5336-UFNZP,Yes
6854-EXGSF,Yes
1241-EZFMJ,Yes
9233-PSYHO,Yes
5376-PCKNB,Yes
8044-BGWPI,No
4060-LDNLU,Yes
3589-PPVKW,No
8327-LZKAS,Yes
5887-IKKYO,Yes
1075-BGWOH,Yes
1755-RMCXH,No
0302-JOIVN,No
3858-XHYJO,Yes
4299-SIMNS,Yes
7025-IWFHT,No
6261-LHRTG,No
7841-FCRQD,No
2056-EVGZL,No
8777-MBMTS,No
7753-USQYQ,No
5366-IJEQJ,Yes
7661-CPURM,No
6233-HXJMX,Yes
5902-WBLSE,No
1981-INRFU,No
4971-PUYQO,Yes
3239-TPHPZ,No
3338-CVVEH,Yes
8485-GJCDN,No
2615-YVMYX,Yes
2851-STERV,No
4393-GEADV,Yes
8486-AYEQH,Yes
1527-SXDPN,Yes
6029-WTIPC,Yes
8634-CILSZ,Yes
5419-JKZNQ,Yes
2495-KZNFB,Yes
1409-PHXTF,Yes
4560-WQAQW,Yes
4274-DRSQT,Yes
2027-DNKIV,No
8075-GXIUB,No
2885-HIJDH,Yes
5424-RLQLC,No
6682-QJDGB,No
6507-DTJZV,No
8780-IXSTS,Yes
7673-BQGKU,No
6723-WSNTY,Yes
9530-EHPOH,Yes
2725-IWWBA,No
0345-HKJVM,No
1061-PNTHC,Yes
0394-YONDK,Yes
6574-MCOEH,Yes
7399-QHBJS,Yes
3049-SOLAY,Yes
0997-YTLNY,No
9479-HYNYL,No
3235-ETOOB,No
9708-KFDBY,No
8058-INTPH,No
3642-GKTCT,Yes
1334-PDUKM,Yes
2242-MFOTG,Yes
2927-CVULT,Yes
2144-BFDSO,Yes
7647-GYYKX,No
5647-FXOTP,Yes
5569-OUICF,Yes
8821-XNHVZ,No
2082-OJVTK,Yes
9700-ISPUP,No
6078-VESFR,No
9027-TMATR,No
5940-NFXKV,Yes
1941-HOSAM,No
9110-HSGTV,No
0704-VCUMB,No
6171-ZTVYB,Yes
8053-WWDRO,No
9564-KCLHR,No
1935-IMVBB,No
2082-CEFLT,No
1470-PSXNM,Yes
1213-NGCUN,No
2498-XLDZR,No
9866-OCCKE,Yes
5338-YHWYT,No
7718-UPSKJ,No
8731-WBBMB,No
1448-CYWKC,Yes
7901-IIDQV,Yes
2690-DVRVK,No
5688-KZTSN,No
1270-XKUCC,No
0334-ZFJSR,Yes
5747-PMBSQ,No
4565-EVZMJ,No
3143-JQEGI,No
6386-SZZKH,Yes
3327-YBAKM,No
9441-QHEVC,No
6705-LNMDD,No
3370-GQEAL,Yes
5032-USPKF,Yes
2982-IHMFT,Yes
3521-SYVOR,No
6283-GITPX,No
9526-JAWYF,No
0771-CHWSK,Yes
9788-HNGUT,Yes
5375-XLDOF,Yes
1172-VIYBP,Yes
5649-VUKMC,No
6559-PDZLR,No
8992-OBVDG,No
4273-MBHYA,No
4724-WXVWF,Yes
1460-UZPRJ,No
6082-GLJIX,No
4919-IKATY,Yes
2495-TTHBQ,No
0485-ZBSLN,Yes
3810-PJUHR,Yes
9050-QLROH,Yes
0847-HGRML,No
8232-CTLKO,No
9227-YBAXE,Yes
6168-WFVVF,No
9860-LISIZ,No
0112-QAWRZ,Yes
0877-SDMBN,Yes
2786-GCDPI,Yes
4043-MKDTV,No
8065-YKXKD,Yes
9637-EIHEQ,No
9229-RQABD,Yes
8313-KTIHG,No
5320-BRKGK,Yes
6284-KMNUF,Yes
9689-PTNPG,No
9465-RWMXL,Yes
2362-IBOOY,Yes
3137-LUPIX,Yes
0843-WTBXE,Yes
6143-JQKEA,No
5515-IDEJJ,No
9701-CDXHR,No
7450-NWRTR,Yes
5376-DEQCP,No
5118-MUEYH,Yes
9095-HFAFX,No
5627-TVBPP,No
2379-ENZGV,No
3936-QQFLL,No
2589-AYCRP,No
4067-HLYQI,No
5124-EOGYE,No
5057-RKGLH,No
0292-WEGCH,Yes
8910-ICHIU,No
4097-YODCF,Yes
9715-WZCLW,Yes
9786-YWNHU,No
6407-GSJNL,Yes
6005-OBZPH,Yes
4049-ZPALD,No
3733-UOCWF,Yes
6833-JMZYP,No
2722-VOJQL,Yes
1310-QRITU,Yes
8961-QDZZJ,No
9715-SBVSU,No
8490-BXHEO,Yes
7173-TETGO,Yes
7929-SKFGK,Yes
2300-RQGOI,No
3563-SVYLG,No
5228-EXCET,No
6435-VWCCY,Yes
4998-IKFSE,Yes
8630-QSGXK,Yes
2455-USLMV,Yes
7394-FKDNK,No
9488-FVZCC,Yes
6331-LWDTQ,Yes
5995-WWKKG,No
1597-FZREH,No
7879-CGSFV,No
9921-EZKBY,Yes
7432-FFVAR,No
7246-ZGQDF,No
7000-WCEVQ,Yes
0727-IWKVK,No
5959-BELXA,Yes
4456-RHSNB,No
3512-IZIKN,Yes
2481-SBOYW,Yes
7109-MFBYV,No
1833-TCXKK,Yes
1832-PEUTS,Yes
6141-OOXUQ,No
8660-BUETV,No
0580-PIQHM,Yes
5696-CEIQJ,No
7503-ZGUZJ,Yes
1696-HXOWK,Yes
3026-ATZYV,No
4012-YCFAI,No
2506-TNFCO,No
9970-QBCDA,No
9496-IVVRP,No
2207-OBZNX,No
2657-VPXTA,No
6551-VLJMV,No
1221-GHZEP,No
9289-LBQVU,Yes
6142-VSJQO,No
3458-IDMFK,No
6933-FHBZC,No
0221-NAUXK,No
9770-KXGQU,Yes
6437-UKHMV,No
6538-POCHL,No
6726-NNFWD,No
3002-WQZWT,Yes
4277-UDIEF,Yes
1208-NBVFH,No
4912-PIGUY,Yes
1114-CENIM,Yes
6060-DRTNL,No
2725-TTRIQ,Yes
3374-TTZTK,No
8990-ZXLSU,No
2275-RBYQS,No
8473-VUVJN,Yes
6289-CPNLD,No
5536-SLHPM,Yes
4419-UJMUS,Yes
7794-JASDG,No
7609-YBPXG,Yes
5519-TEEUH,No
7856-GANIL,Yes
2676-OXPPQ,No
3703-TTEPD,No
2799-TSLAG,Yes
0196-VULGZ,Yes
8837-VVWLQ,No
2696-NARTR,No
2208-NKVVH,Yes
1976-CFOCS,No
4631-OACRM,No
7139-JZFVG,No
3755-JBMNH,No
1757-TCATG,No
6345-ULYRW,Yes
8048-DSDFQ,No
5753-QQWPW,No
6010-DDPPW,Yes
1809-DMJHQ,No
6693-FRIRW,No
6586-MYGKD,Yes
3173-NVMPX,Yes
0248-PGHBZ,No
0623-GDISB,No
2892-GESUL,No
6923-EFPNL,Yes
7472-EQOAV,No
9574-RKJIF,Yes
2043-WVTQJ,No
8034-RYTVV,Yes
3863-QSTYI,No
2619-WFQWU,No
5044-LRQAQ,No
1716-LSAMB,No
1333-PBMXB,Yes
6546-OPBBH,Yes
5985-BEHZK,Yes
9127-QRZMH,No
5919-VCZYM,No
9644-KVCNC,Yes
8174-LNWMW,No
9279-CJEOJ,Yes
7964-VEXDG,Yes
2404-JIBFC,Yes
8029-XYPWT,Yes
4614-NUVZD,No
4632-PAOYU,No
3803-KMQFW,No
6804-GDMOI,Yes
2990-OGYTD,Yes
6646-JPPHA,No
9572-MTILT,Yes
7658-UYUQS,No
9611-CTWIH,No
4589-IUAJB,Yes
0329-GTIAJ,No
8746-BFOAJ,No
8457-XIGKN,No
6072-NUQCB,No
6629-CZTTH,No
8838-GPHZP,No
8750-QWZAJ,No
5364-EVNIB,No
6918-UMQCG,No
0675-NCDYU,Yes
1346-PJWTK,No
5088-QZLRL,No
8023-QHAIO,Yes
4397-FRLTA,No
3057-VJJQE,Yes
2302-OUZXB,Yes
8133-ANHHJ,Yes
2270-CHBFN,Yes
0013-EXCHZ,No
5982-FPVQN,Yes
9107-UKCKY,Yes
4654-ULTTN,Yes
5550-VFRLC,No
5546-BYZSM,No
1492-KGETH,Yes
4929-BSTRX,No
4163-HFTUK,No
8215-NGSPE,No
2225-ZRGSG,Yes
8859-YSTWS,No
5271-YNWVR,Yes
7601-DHFWZ,Yes
2657-ALMWY,No
6330-JKLPC,Yes
4667-OHGKG,No
1998-VHJHK,No
1707-HABPF,No
1660-HSOOQ,No
7253-UVNDW,No
0487-VVUVK,No
7228-OMTPN,No
5063-IUOKK,No
4508-OEBEY,No
0027-KWYKW,Yes
2308-STERM,No
5982-XMDEX,Yes
6284-AHOOQ,Yes
6051-PTVNS,No
2344-JMOGN,No
3799-ISUZQ,No
9152-AMKAK,No
1794-HBQTJ,No
9432-VOFYX,No
8049-WJCLQ,No
6586-PSJOX,No
9705-ZJBCG,No
4818-DRBQT,Yes
1320-HTRDR,Yes
6847-KJLTS,Yes
9670-BPNXF,No
3913-FCUUW,Yes
3301-VKTGC,Yes
1493-AMTIE,No
9555-SAHUZ,No
0816-TSPHQ,No
9932-WBWIK,No
4619-EVPHY,No
5286-YHCVC,Yes
6424-ELEYH,Yes
4391-RESHN,Yes
9115-YQHGA,No
4462-CYWMH,Yes
8963-MQVYN,No
2458-EOMRE,No
9334-GWGOW,Yes
6821-BUXUX,Yes
5028-HTLJB,No
9801-GDWGV,Yes
5567-GZKQY,No
1222-LRYKO,Yes
2320-JRSDE,No
2087-QAREY,No
4423-JWZJN,Yes
5143-WMWOG,No
6490-FGZAT,No
5393-RXQSZ,No
7452-FOLON,Yes
2320-TZRRH,No
0231-LXVAP,No
9444-JTXHZ,No
4942-VZZOM,Yes
5510-BOIUJ,No
7502-BNYGS,No
6147-CBCRA,No
6047-SUHPR,No
4471-KXAUH,Yes
9752-ZNQUT,No
7638-QVMVY,No
1576-PFZIW,No
5666-MBJPT,Yes
7312-XSBAT,No
3096-GKWEB,Yes
2371-JQHZZ,Yes
0674-GCDXG,Yes
1121-QSIVB,Yes
4396-KLSEH,No
3244-DCJWY,No
2824-MYYBN,Yes
0875-CABNR,No
6469-QJKZW,No
0147-ESWWR,Yes
1217-VASWC,No
7812-FZHPE,Yes
6370-ZVHDV,Yes
5915-DGNVC,Yes
6260-XLACS,No
4983-CCWMC,No
9103-CXVOK,No
2896-TBNBE,No
4797-AXPXK,No
5229-PRWKT,Yes
6982-UQZLY,No
2522-WLNSF,No
0193-ESZXP,No
4475-NVTLU,No
4369-HTUIF,No
9386-LDCZR,No
9585-KKMFD,No
5399-ZIMKF,No
5619-XZZKR,No
3948-FVVRP,No
5327-XOKKY,Yes
0983-TATYJ,No
1813-JYWTO,Yes
0156-FVPTA,No
1984-FCOWB,Yes
0654-HMSHN,Yes
6719-OXYBR,No
3312-ZWLGF,Yes
6476-YHMGA,No
5287-QWLKY,Yes
0795-XCCTE,Yes
0168-XZKBB,Yes
3785-NRHYR,No
5196-SGOAK,No
4537-DKTAL,No
7072-MBHEV,Yes
5602-BVFMK,No
6297-NOOPG,Yes
1891-UAWWU,Yes
8204-TIFGJ,No
8050-DVOJX,Yes
6108-OQZDQ,Yes
0363-QJVFX,Yes
8903-XEBGX,No
9840-DVNDC,No
1089-XZWHH,No
2325-WINES,Yes
6064-ZATLR,No
3096-JRDSO,Yes
7824-PANSQ,Yes
8042-JVNFH,No
9648-BCHKM,Yes
2888-ADFAO,No
8707-HOEDG,Yes
3374-LXDEV,Yes
4072-IPYLT,No
7167-PCEYD,No
4936-YPJNK,No
1580-BMCMR,No
4817-KEQSP,No
6408-WHTEF,Yes
9251-AWQGT,No
8749-CLJXC,No
7989-VCQOH,No
5049-GLYVG,No
4199-QHJNM,Yes
5883-GTGVD,Yes
5135-GRQJV,Yes
2384-OVPSA,No
1371-WEPDS,No
3580-GICBM,Yes
4817-QRJSX,Yes
9730-DRTMJ,Yes
4686-UXDML,Yes
3349-ANQNH,Yes
2398-YPMUR,No
0932-YIXYU,No
7480-SPLEF,Yes
7636-XUHWW,No
1431-CYWMH,No
5937-EORGB,Yes
6349-JDHQP,No
5539-HIVAK,Yes
5847-MXBEO,No
9985-MWVIX,No
4583-PARNH,No
1421-HCERK,Yes
9633-XQABV,No
0716-BQNDX,Yes
1265-XTECC,Yes
1183-CANVH,No
1972-XMUWV,No
8679-LZBMD,No
3407-JMJQQ,Yes
6252-DFGTK,Yes
1539-LNKHM,No
8645-KOMJQ,Yes
0289-IVARM,No
9761-XUJWD,No
4057-FKCZK,Yes
4291-TPNFG,Yes
6087-YPWHO,Yes
3090-QFUVD,No
2237-ZFSMY,No
1722-LDZJS,No
1818-ESQMW,No
4871-JTKJF,No
1415-YFWLT,No
7401-RUBNK,No
0506-YLVKJ,No
8661-BOYNW,Yes
6711-VTNRE,No
2805-AUFQN,No
7233-DRTRF,Yes
3500-RMZLT,No
3873-NFTGI,Yes
1162-ECVII,Yes
7048-GXDAY,Yes
1169-WCVAK,Yes
4548-SDBKE,Yes
7129-CAKJW,Yes
8695-ARGXZ,Yes
3570-YUEKJ,No
4143-OOBWZ,Yes
1555-HAPSU,Yes
1697-NVVGY,No
7854-EKTJL,No
8464-EETCQ,No
2419-FSORS,Yes
8132-YPVBX,No
9102-IAYHT,Yes
6754-LZUKA,Yes
3422-LYEPQ,No
8099-MZPUJ,Yes
0787-LHDYT,No
2642-DTVCO,Yes
0374-IOEGQ,No
4361-JEIVL,No
3197-NNYNB,Yes
3396-DKDEL,Yes
1752-OZXFY,No
9066-QRSDU,Yes
9112-WSNPU,No
9867-NNXLC,No
5321-NTRKC,Yes
1363-TXLSL,No
9507-EXLTT,No
3161-GETRM,Yes
0402-OAMEN,Yes
6754-WKSHP,Yes
9846-GKXAS,No
6017-PPLPX,No
5055-MGMGF,Yes
4641-FROLU,No
2862-JVEOY,No
9822-BIIGN,Yes
2077-MPJQO,Yes
1534-OULXE,No
2971-SGAFL,Yes
1480-IVEVR,Yes
2905-KFQUV,No
4581-SSPWD,Yes
3370-HXOPH,Yes
9391-YZEJW,Yes
9958-MEKUC,Yes
0281-CNTZX,No
6927-WTFIV,No
4118-CEVPF,Yes
3398-ZOUAA,No
9114-VEPUF,Yes
7876-BEUTG,Yes
2338-BQEZT,No
9873-MNDKV,No
0378-NHQXU,Yes
8241-JUIQO,No
2194-IIQOF,Yes
4512-ZUIYL,No
9631-RXVJM,No
9584-EXCDZ,No
7969-AULMZ,Yes
5093-FEGLU,No
2621-UDNLU,No
7526-IVLYU,No
2428-HYUNX,No
9214-EKVXR,No
3410-MHHUM,Yes
0568-ONFPC,Yes
0733-VUNUW,Yes
4550-EVXNY,No
2122-YWVYA,No
2968-SSGAA,Yes
2296-DKZFP,No
4844-JJWUY,No
6777-TGHTM,Yes
8909-BOLNL,No
6603-YRDCJ,No
3229-USWAR,No
2138-VFAPZ,No
6131-JLWZM,No
0269-XFESX,Yes
1709-EJDOX,No
4316-XCSLJ,No
8610-WFCJF,Yes
0383-CLDDA,Yes
2709-UQGNP,No
3549-ZTMNH,Yes
7881-INRLC,Yes
8033-ATFAS,No
1635-NZATJ,Yes
0562-HKHML,Yes
8277-RVRSV,Yes
9943-VSZUV,Yes
6172-FECYY,Yes
7054-ENNGU,No
1455-HFBXA,Yes
9402-CXWPL,Yes
1628-BIZYP,No
1965-AKTSX,Yes
0082-LDZUE,No
4786-UKSNZ,No
5343-SGUBI,Yes
0856-NAOES,No
7248-VZQLC,Yes
6156-UZDLF,No
3099-OONVS,No
9500-WBGRP,No
5183-KLYEM,Yes
5144-PQCDZ,No
8514-VZHEB,No
6625-IUTTT,No
9355-NPPFS,No
0068-FIGTF,No
5965-GGPRW,Yes
8035-PWSEV,No
2236-HILPA,No
1840-BIUOG,Yes
1356-MKYSK,No
6080-LNESI,Yes
1830-IPXVJ,No
5828-DWPIL,Yes
8398-TBIYD,Yes
0011-IGKFF,No
4192-GORJT,No
6496-SLWHQ,Yes
9912-GVSEQ,Yes
2931-FSOHN,No
9418-RUKPH,No
5383-MMTWC,Yes
9971-ZWPBF,Yes
9711-FJTBX,No
2202-CUYXZ,No
5995-OIGLP,No
8421-WZOOW,No
6261-RCVNS,No
7951-QKZPL,Yes
1414-YADCW,No
5816-QVHRX,Yes
4430-YHXGG,Yes
6888-SBYAI,No
7169-YWAMK,No
3640-PHQXK,Yes
6877-LGWXO,No
6859-RKMZJ,No
2729-VNVAP,No
2957-JIRMN,Yes
3842-QTGDL,No
7163-OCEQI,Yes
9782-LGXMC,No
5975-BAICR,No
8019-ENHXU,Yes
9033-EOXWV,Yes
4673-KKSLS,No
4853-OITSN,Yes
9800-OUIGR,No
1324-NLTJE,Yes
2324-EFHVG,Yes
7094-MSZAO,No
1522-VVDMG,No
0780-XNZFN,No
0239-OXEXL,Yes
2675-IJRGJ,No
7049-GKVZY,No
8577-QSOCG,No
3721-CNZHX,No
9185-TQCVP,Yes
3585-YNADK,Yes
5271-DBYSJ,No
1099-GODLO,No
6828-HMKWP,No
5567-WSELE,Yes
1472-TNCWL,No
8063-RJYNF,No
0687-ZVTHB,Yes
2080-GKCWQ,No
9661-ACXBS,Yes
2193-SFWQW,No
5656-JAMLX,No
3462-BJQQA,Yes
0442-TDYUO,No
6733-LRIZX,Yes
9503-XJUME,No
3727-RJMEO,Yes
3779-OSWCF,Yes
6736-DHUQI,No
3915-ODIYG,Yes
4451-RWASJ,No
6646-VRFOL,Yes
3460-TJBWI,Yes
5917-HBSDW,No
5685-IIXLY,No
5671-UUNXD,Yes
0956-ACVZC,No
2325-NBPZG,No
4250-ZBWLV,Yes
4482-FTFFX,No
8859-DZTGQ,No
0440-MOGPM,Yes
3752-CQSJI,No
5025-GOOKI,No
4698-KVLLG,No
5095-AESKG,Yes
2887-JPYLU,No
4770-QAZXN,No
4896-CPRPF,Yes
1871-MOWRM,No
9714-EDSUC,No
9090-SGQXL,Yes
6595-YGXIT,Yes
7353-YOWFP,No
9835-ZIITK,Yes
8008-ESFLK,No
7537-CBQUZ,Yes
1555-DJEQW,Yes
0519-XUZJU,No
3363-EWLGO,No
4750-UKWJK,No
1689-YQBYY,Yes
4487-ZYJZK,No
2959-FENLU,No
0708-LGSMF,Yes
9253-QXKBE,Yes
7634-HLQJR,No
0487-RPVUM,Yes
4079-ULGFR,No
2516-XSJKX,No
0057-QBUQH,Yes
9445-SZLCH,Yes
6599-SFQVE,No
8331-ZXFOE,Yes
4003-FUSHP,No
0356-ERHVT,No
4884-ZTHVF,No
3920-HIHMQ,Yes
3055-OYMSE,No
0613-WUXUM,No
4458-KVRBJ,Yes
5349-IECLD,No
3945-GFWQL,No
8097-OMULG,No
6013-BHCAW,Yes
0401-WDBXM,Yes
3387-PLKUI,No
6096-EGVTU,Yes
5081-NWSUP,No
2580-ATZSQ,No
8085-MSNLK,Yes
9691-HKOVS,Yes
9881-VCZEP,Yes
8757-TFHHJ,No
4523-WXCEF,Yes
1468-DEFNC,Yes
5119-KEPFY,Yes
8364-TRMMK,Yes
0916-KNFAJ,Yes
3063-QFSZL,No
8775-LHDJH,Yes
9625-QNLUX,No
3097-NQYSN,Yes
4024-CSNBY,Yes
7493-GVFIO,No
0690-SRQID,No
9605-WGJVW,No
9114-DPSIA,Yes
4700-UBQMV,Yes
7711-GQBZC,Yes
3565-UNOCC,Yes
4627-MIHJH,Yes
9795-NREXC,Yes
8573-CGOCC,No
7356-AYNJP,Yes
9249-FXSCK,Yes
5493-SDRDQ,No
6286-SUUWT,No
8654-DHAOW,Yes
5438-QMDDL,No
9812-GHVRI,Yes
5553-AOINX,Yes
1228-ZLNBX,Yes
4226-KKDON,No
3831-YCPUO,No
7445-WMRBW,Yes
3308-DGHKL,No
9924-JPRMC,Yes
0080-EMYVY,No
6218-KNUBD,No
7337-CINUD,No
7609-NRNCA,No
0623-EJQEG,Yes
7153-CHRBV,No
0871-URUWO,Yes
9190-MFJLN,No
6198-PNNSZ,Yes
3317-VLGQT,No
5614-DNZCE,No
1095-JUDTC,Yes
3258-SANFR,No
3726-TBHQT,Yes
3190-ITQXP,No
0870-VEMYL,No
4833-QTJNO,Yes
3039-MJSLN,No
0178-CIIKR,No
5385-SUIRI,Yes
3982-XWFZQ,Yes
5774-QPLTF,No
2322-VCZHZ,No
4009-ALQFH,No
6383-ZTSIW,No
8990-YOZLV,Yes
5222-IMUKT,No
3627-FCRDW,No
7562-GSUHK,No
6685-XSHHU,No
8901-UPRHR,Yes
4903-UYAVB,No
0118-JPNOY,No
6776-TLWOI,No
3845-FXCYS,No
5857-XRECV,No
0725-CXOTM,Yes
4343-EJVQB,No
3427-GGZZI,Yes
7779-ORAEL,Yes
0644-OQMDK,No
4077-CROMM,Yes
3154-CFSZG,No
2868-MZAGQ,No
4847-QNOKA,No
2220-IAHLS,No
1658-XUHBX,Yes
6379-RXJRQ,No
2378-HTWFW,Yes
4377-VDHYI,No
0475-RIJEP,Yes
1260-TTRXI,No
3719-TDVQB,No
6328-ZPBGN,Yes
0201-MIBOL,Yes
4937-QPZPO,Yes
2925-VDZHY,Yes
3413-CSSTH,Yes
8033-VCZGH,Yes
4789-KWMXN,Yes
0224-NIJLP,No
7542-CYDDM,No
4718-WXBGI,Yes
2867-UIMSS,No
8495-PRWFH,Yes
0439-IFYUN,No
5716-LIBJC,Yes
2868-LLSKM,Yes
8111-RKSPX,Yes
2988-QRAJY,Yes
1585-MQSSU,No
0071-NDAFP,Yes
2856-NNASM,No
7328-ZJAJO,No
6458-CYIDZ,No
8559-CIZFV,Yes
1090-PYKCI,Yes
7547-EKNFS,Yes
2279-AXJJK,Yes
6769-DYBQN,No
0909-SELIE,Yes
1042-HFUCW,No
4439-JMPMT,No
8999-EXMNO,No
6725-TPKJO,No
2446-BEGGB,Yes
7162-WPHPM,Yes
1599-MMYRQ,No
0042-JVWOJ,No
0130-SXOUN,Yes
2575-GFSOE,No
2330-PQGDQ,Yes
1452-UZOSF,Yes
2097-YVPKN,Yes
2842-JTCCU,No
8597-CTXVJ,Yes
6631-HMANX,Yes
9962-BFPDU,No
3296-SILRA,No
9681-OXGVC,Yes
6394-HHHZM,No
5995-LFTLE,Yes
1932-UEDCX,Yes
7153-OANIO,No
5188-HGMLP,Yes
0665-XHDJU,Yes
6521-YYTYI,Yes
8878-HMWBV,No
8265-HKSOW,Yes
3544-FBCAS,Yes
5331-RGMTT,Yes
4759-PXTAN,Yes
7054-DMVAS,No
3428-MMGUB,Yes
7823-JSOAG,Yes
3705-RHRFR,Yes
9374-YOLBJ,No
9933-QRGTX,No
4476-OSWTN,Yes
1977-STDKI,No
5066-GFJMM,No
2661-GKBTK,No
7268-WNTCP,No
0824-VWDPO,Yes
2578-JQPHZ,No
3278-FSIXX,No
5813-UECBU,Yes
0328-GRPMV,No
9746-UGFAC,No
0625-AFOHS,No
6726-WEXXK,Yes
4636-OLWOE,No
4342-HENTK,No
4685-ERGHK,Yes
0885-HMGPY,Yes
5003-OKNNK,No
4195-SMMNX,No
7208-PSIHR,Yes
4012-ZTHBR,No
0489-WMEMG,No
7435-ZNUYY,No
1354-YZFNB,No
6956-SMUCM,No
2985-FMWYF,Yes
2717-HVIZY,No
3223-WZWJM,Yes
3422-GALYP,Yes
9053-JZFKV,Yes
2530-ENDWQ,Yes
2890-WFBHU,Yes
0327-WFZSY,Yes
7977-HXJKU,No
6615-ZGEDR,No
7033-CLAMM,No
0864-FVJNJ,Yes
7356-IWLFW,Yes
9541-PWTWO,Yes
3967-VQOGC,Yes
7872-RDDLZ,Yes
9250-WYPLL,Yes
6308-CQRBU,Yes
2754-XBHTB,No
1597-LHYNC,Yes
0186-CAERR,Yes
3043-SUDUA,No
5442-BHQNG,No
2169-RRLFW,Yes
3162-KKZXO,Yes
7055-VKGDA,No
0754-UKWQP,No
8873-GLDMH,Yes
5696-JVVQY,No
8946-BFWSG,Yes
7493-TPUWZ,Yes
0547-HURJB,No
8845-LWKGE,No
1577-HKTFG,No
8752-STIVR,No
0691-NIKRI,Yes
5022-JNQEQ,No
4558-FANTW,No
3736-BLEPA,No
4701-LKOZD,Yes
6603-QWSPR,No
9921-QFQUL,Yes
4378-MYPGO,No
8651-ENBZX,Yes
4129-LYCOI,Yes
7798-JVXYM,No
8647-SDTWQ,Yes
2696-ECXKC,Yes
2081-KJSQF,No
7623-TRNQN,No
3323-CPBWR,Yes
9330-IJWIO,Yes
3384-CTMSF,Yes
0902-RFHOF,No
9286-DOJGF,Yes
6048-QBXKL,Yes
9661-MHUMO,No
7718-RXDGG,No
1025-FALIX,No
3451-VAWLI,No
3407-QGWLG,No
1842-EZJMK,Yes
2347-WKKAE,Yes
8735-DCXNF,No
3214-IYUUQ,No
1936-UAFEH,Yes
3587-PMCOY,No
8079-XRJRS,Yes
1027-LKKQQ,No
7148-XZPHA,No
8073-IJDCM,No
5309-TAIKL,No
6856-RAURS,Yes
8778-LMWTJ,No
9717-IOAAF,Yes
8884-ADFVN,Yes
2845-KDHVX,No
2720-WGKHP,Yes
6734-FQAJX,No
2869-ADAWR,Yes
1535-VTJOQ,Yes
6368-TZZDT,No
0943-ZQPXH,No
1293-BSEUN,No
9894-EZEWG,No
1302-TPUBN,No
0637-UBJRP,No
0940-OUQEC,Yes
2378-VTKDH,Yes
0927-CNGRH,No
8608-OZTLB,No
1952-DVVSW,No
0702-PGIBZ,Yes
6656-GULJQ,Yes
9853-JFZDU,No
1963-VAUKV,No
3777-XROBG,No
6994-FGRHH,No
4000-VGMQP,Yes
3466-RITXD,Yes
2680-XKKNJ,No
3058-HJCUY,Yes
2974-GGUXS,Yes
7994-XIRTR,No
3259-FDWOY,Yes
2101-RANCD,Yes
7921-BEPCI,Yes
0807-ZABDG,No
8510-TMWYB,Yes
3258-ZKPAI,Yes
1428-IEDPR,Yes
5298-GSTLM,Yes
6728-CZFEI,No
5748-RNCJT,Yes
3653-NCRDJ,No
6121-TNHBO,Yes
5119-NZPTV,No
6519-ZHPXP,No
7739-LAXOG,Yes
3472-QPRCH,Yes
9776-CLUJA,Yes
2486-WYVVE,Yes
3865-ZYKAD,Yes
1422-DGUBX,Yes
2999-AANRQ,No
8668-KNZTI,No
0480-KYJVA,Yes
3926-YZVVX,No
6000-UKLWI,No
2079-FBMZK,No
6332-FBZRI,Yes
2096-XOTMO,No
3266-FTKHB,No
8221-EQDGL,No
2346-LOCWC,No
6608-QQLVK,No
7560-QJAVJ,No
2995-YWTCD,Yes
3551-HUAZH,Yes
9137-UIYPG,No
2809-ZMYOQ,Yes
5084-OOVCJ,No
0254-WWRKD,No
7727-SHVZV,No
6302-JGYRJ,Yes
5339-PXDVH,Yes
2205-LPVGL,Yes
8782-NUUOL,No
3685-YLCMQ,Yes
7601-WFVZV,No
4609-KNNWG,No
4868-AADLV,Yes
9529-OFXHY,Yes
8634-MPHTR,Yes
2669-QVCRG,Yes
9174-IHETN,No
9644-UMGQA,No
8761-NSOBC,No
0419-YAAPX,No
8413-VONUO,No
0872-CASZJ,Yes
4726-DLWQN,Yes
8164-OCKUJ,No
3094-JOJAI,Yes
9494-MRNYX,Yes
2599-CZABP,No
7945-PRBVF,No
4544-RXFMG,No
0859-YGKFW,No
1150-FTQGN,Yes
9223-UCPVT,No
7196-LIWRH,No
5448-VWNAM,Yes
1177-XZBJL,Yes
3518-FSTWG,Yes
9330-VOFSZ,Yes
4351-QLCSU,No
0939-EREMR,No
9389-ACWBI,No
5419-JPRRN,Yes
3644-QXEHN,No
2911-IJORQ,Yes
5921-NGYRH,No
2100-BDNSN,Yes
5998-DZLYR,Yes
0488-GSLFR,No
9318-NKNFC,No
3985-HOYPM,No
9728-FTTVZ,No
9548-LERKT,No
7254-IQWOZ,No
2474-BRUCM,Yes
4062-HBMOS,Yes
0742-NXBGR,No
2676-ISHSF,No
4753-PADAS,Yes
6103-QCKFX,No
6110-OHIHY,No
7018-FPXHH,No
5889-LFOLL,Yes
5708-EVONK,Yes
8708-XPXHZ,Yes
0572-ZJKLT,Yes
5135-RDDQL,No
1353-LJWEM,No
1794-SWWKL,Yes
6876-ADESB,No
9332-GYWLO,No
1963-SVUCV,No
4184-VODJZ,Yes
0220-EBGCE,No
1092-WPIVQ,Yes
2754-VDLTR,Yes
2400-FEQME,No
3190-XFANI,Yes
7551-DACSP,No
4957-SREEC,No
7235-NXZCP,Yes
4923-ADWXJ,No
1763-KUAAW,No
1104-TNLZA,Yes
5195-KPUNQ,No
0520-FDVVT,No
1444-VVSGW,Yes
5712-PTIWW,No
5949-HGVJL,No
5203-XEHAX,No
1635-HDGFT,No
3315-TOTBP,Yes
8050-XGRVL,No
6661-HBGWL,Yes
1518-VOWAV,No
9828-QHFBK,No
5012-YSPJJ,No
5909-ECHUI,No
1309-BXVOQ,Yes
6728-VOIFY,No
9317-WZPGV,No
2856-HYAPG,No
8969-PRHFK,No
0661-KQHNK,No
8709-KRDVL,Yes
4488-PSYCG,No
1427-VERSM,No
9801-NOSHQ,No
6339-YPSAH,No
3621-CEOVK,Yes
6906-ANDWJ,Yes
2159-TURXX,No
1548-FEHVL,Yes
3795-CAWEX,Yes
6215-NQCPY,Yes
5647-URDKA,No
2229-DPMBI,No
2188-SXWVT,No
6258-PVZWJ,Yes
6969-MVBAI,Yes
2978-XXSOG,Yes
2342-CKIAO,No
6953-PBDIN,Yes
3898-BSJYF,Yes
3938-YFPXD,Yes
7696-AMHOD,No
2453-SAFNS,Yes
9558-IHEZX,Yes
9617-UDPEU,No
6340-DACFT,No
4955-VCWBI,No
6813-GZQCG,Yes
7426-GSWPO,Yes
3389-KTRXV,Yes
3118-UHVVQ,Yes
1031-IIDEO,No
5832-XKAES,No
3205-MXZRA,No
8317-BVKSO,No
5702-KVQRD,No
0083-PIVIK,Yes
9210-IAHGH,No
6169-PGNCD,No
0023-XUOPT,Yes
4909-JOUPP,Yes
4657-FWVFY,Yes
2257-BOVXD,Yes
7729-JTEEC,No
7632-MNYOY,Yes
6518-LGAOV,Yes
4576-CSAJH,No
1000-AJSLD,No
9696-RMYBA,No
8690-UPCZI,Yes
1062-LHZOD,No
9770-LXDBK,No
4086-WITJG,No
8344-WFMFH,No
9600-NAXZN,Yes
8822-KNBHV,Yes
8404-FYDIB,Yes
2791-SFVEW,No
6457-USBER,No
6762-NSODU,No
4662-EKDPQ,Yes
9248-OJYKK,Yes
3398-FSHON,Yes
3319-DWOEP,No
1074-WVEVG,No
9979-RGMZT,No
6437-UDQJM,Yes
1226-IENZN,No
2108-GLPQB,Yes
9259-PACGQ,Yes
4415-IJZTP,Yes
1465-VINDH,Yes
5474-LAMUQ,No
3468-DRVQJ,Yes
1122-YJBCS,No
4990-ALDGW,No
4816-OKWNX,No
2810-FTLEM,No
4747-LCAQL,No
3411-WLRSQ,No
0898-XCGTF,Yes
8006-PYCSW,No
8249-THVEC,No
8722-PRFDV,No
2164-SOQXL,No
4020-KIUDI,No
5850-BDWCY,No
2038-YSEZE,Yes
0827-ITJPH,No
1925-TIBLE,Yes
1705-GUHPV,Yes
4779-ZGICK,Yes
0048-PIHNL,No
0818-OCPZO,Yes
3967-KXAPS,Yes
1447-GIQMR,No
0674-EYYZV,No
4480-MBMLB,Yes
0822-QGCXA,Yes
0872-NXJYS,No
2832-KJCRD,Yes
3588-WSTTJ,Yes
4075-WKNIU,Yes
5090-EMGTC,No
2346-CZYIL,No
3798-EPWRR,No
6258-NGCNG,Yes
4186-ZBUEW,Yes
5274-XHAKY,Yes
3978-YNKDD,No
9412-ARGBX,No
1389-CXMLU,Yes
9589-ABEPT,Yes
7605-SNLQG,No
4670-TABXH,Yes
5561-NWEVX,Yes
0064-SUDOG,No
8561-NMTBD,Yes
5161-XEUVX,Yes
8591-NXRCV,Yes
4526-RMTLL,Yes
6253-GNHWH,Yes
4566-NECEV,Yes
8080-POTJR,Yes
6906-MPARY,No
3662-FXJFO,No
8107-RZLNV,Yes
0516-OOHAR,No
2027-CWDNU,No
9912-OMZDS,Yes
3733-ZEECP,No
7878-RTCZG,No
2452-MRMZF,Yes
2272-QAGFO,Yes
7103-IPXPJ,Yes
4342-HFXWS,No
3545-CNWRG,Yes
1785-BPHTP,No
4989-LIXVT,Yes
7315-WYOAW,Yes
1173-XZPYF,Yes
9850-OWRHQ,Yes
3768-NLUBH,Yes
8676-TRMJS,Yes
2509-TFPJU,Yes
9530-GRMJG,Yes
6898-RBTLU,Yes
5481-NTDOH,Yes
2068-WWXQZ,No
7359-SSBJK,No
2061-VVFST,No
0685-MLYYM,No
2380-DAMQP,Yes
2256-YLYLP,No
1272-ILHFG,No
0164-XAIRP,No
5666-CYCYZ,Yes
4011-ARPHK,No
8182-PNAGI,No
6365-HITVU,No
7558-IMLMT,No
9488-FYQAU,Yes
3590-TCXTB,No
6994-KERXL,No
7957-RYHQD,No
2180-DXNEG,No
1960-UOTYM,No
2740-JFBOK,Yes
6500-JVEGC,Yes
5515-AKOAJ,Yes
8976-OQHGT,No
6230-BSUXY,No
8469-SNFFH,Yes
1241-FPMOF,No
4114-QMKVN,Yes
2775-SEFEE,Yes
9003-CPATH,Yes
1754-GKYPY,No
7956-XQWGU,No
1591-MQJTP,Yes
5295-PCJOO,No
2369-FEVNO,No
9863-JZAIC,No
7471-MQPOS,Yes
7660-HDPJV,No
5115-SQAAU,Yes
9845-QOMAD,No
7672-VFMXZ,No
9739-JLPQJ,Yes
9916-AYHTC,No
3855-ONCAR,No
1488-SYSFC,No
7931-PXHFC,No
3990-QYKBE,Yes
0970-QXPXW,No
3259-KNMRR,Yes
6120-RJKLU,No
5893-KCLGT,No
3640-JQGJG,No
4919-MOAVT,No
1596-OQSPS,No
9546-KDTRB,Yes
3090-HAWSU,Yes
9820-RMCQV,No
3174-RKMOW,Yes
1760-CAZHT,No
7839-QRKXN,No
8441-SHIPE,Yes
4597-ELFTS,Yes
1320-GVNHT,Yes
1047-RNXZV,No
3541-ZNUHK,Yes
8450-JOVAH,Yes
8725-JEDFD,No
7562-UXTPG,No
8071-SBTRN,Yes
1113-IUJYX,No
6668-CNMFP,Yes
5626-MGTUK,Yes
5681-LLOEI,Yes
8212-DJRCH,No
4323-OHFOW,Yes
4933-BSAIP,No
2030-BTZRO,No
1116-DXXDF,No
9274-CNFMO,Yes
6563-VNPMN,No
2267-WTPYD,Yes
0270-THENM,Yes
2446-PLQVO,No
4707-MAXGU,Yes
2710-WYVXG,No
3005-NFMTA,Yes
6300-BWMJX,Yes
8784-CGILN,Yes
5389-FFVKB,No
7009-LGECI,No
8444-WRIDW,Yes
5022-KVDQT,Yes
7976-CICYS,No
1036-GUDCL,No
2005-DWQZJ,No
8148-WOCMK,No
7815-PDTHL,No
9451-LPGOO,Yes
9173-IVZVP,No
9129-UXERG,Yes
7964-ZRKKG,Yes
5868-YWPDW,No
6229-LSCKB,No
2025-JKFWI,Yes
4078-SAYYN,Yes
1724-IQWNM,No
8217-QYOHV,No
5546-QUERU,No
9940-HPQPG,Yes
6897-UUBNU,No
6127-IYJOZ,No
6618-RYATB,Yes
8930-XOTDP,No
5916-QEWPT,No
5060-TQUQN,Yes
0531-XBKMM,Yes
8465-SBRXP,Yes
2408-PSJVE,No
9079-YEXQJ,Yes
9700-ZCLOT,No
8738-JOKAR,No
4534-WGCIR,Yes
1930-WNXSB,No
2685-SREOM,Yes
3508-CFVZL,Yes
0402-CQAJN,Yes
6692-UDPJC,Yes
1273-MTETI,Yes
0657-DOGUM,Yes
8792-AOROI,No
0295-PPHDO,Yes
5146-YYFRZ,No
1195-OIYEJ,No
5906-CVLHP,No
3452-SRFEG,Yes
4070-OKWVH,Yes
5297-MDOIR,No
6369-MCAKO,Yes
4926-UMJZD,No
6848-HJTXY,No
6341-AEVKX,No
4501-EQDRN,No
2990-HWIML,No
0682-USIXD,No
6976-BWGLQ,Yes
8065-QBYTO,Yes
2133-TSRRM,No
7603-USHJS,Yes
7234-FECYN,Yes
2511-ALLCS,Yes
3191-CSNMG,No
7952-OBOYL,No
7470-DYNOE,No
1545-ACTAS,No
5876-HZVZM,No
1400-MMYXY,Yes
3085-QUOZK,No
2363-BJLSL,No
1956-YIFGE,No
3926-CUQZX,No
7921-LMDFQ,No
2925-MXLSX,Yes
5820-PTRYM,Yes
9609-BENEA,Yes
9945-PSVIP,No
1041-RXHRA,No
1750-CSKKM,No
9108-EJFJP,No
0530-IJVDB,Yes
0508-SQWPL,No
2215-ZAFGX,Yes
8213-TAZPM,Yes
7142-HVGBG,Yes
1304-SEGFY,Yes
7242-EDTYC,No
2904-GGUAZ,Yes
8267-ZNYVZ,No
5136-GFPMB,Yes
2595-KIWPV,No
5243-SAOTC,Yes
9398-MMQTO,No
7619-PLRLP,Yes
6457-GIRWB,No
6508-NJYRO,No
1450-SKCVI,No
4710-NKCAW,Yes
5306-BVTKJ,No
0357-NVCRI,No
5570-PTWEH,Yes
2371-KFUOG,No
0463-ZSDNT,No
6502-MJQAE,No
6257-DTAYD,Yes
4616-ULAOA,Yes
7693-LCKZL,Yes
5996-EBTKM,Yes
2758-RNWXS,No
3454-JFUBC,No
9039-ZVJDC,No
6797-LNAQX,Yes
2898-MRKPI,Yes
2750-BJLSB,No
2075-RMJIK,No
9588-YRFHY,No
6394-MFYNG,Yes
1564-NTYXF,Yes
9364-YKUVW,No
5392-AKEMH,No
2451-YMUXS,Yes
3914-FDRHP,No
3078-ZKNTS,No
1024-KPRBB,No
4690-PKDQG,Yes
8155-IBNHG,Yes
0886-QGENL,No
9547-ITEFG,Yes
7789-CRUVC,Yes
8739-WWKDU,Yes
8685-WHQPW,Yes
4745-LSPLO,No
8083-YTZES,Yes
7240-FQLHE,Yes
6664-FPDAC,Yes
9972-VAFJJ,No
0422-UXFAP,Yes
1904-WAJAA,Yes
5130-YPIRV,No
2843-CQMEG,No
6439-PKTRR,Yes
5568-DMXZS,No
8468-FZTOE,No
6633-SYEUS,No
3976-BWUCK,Yes
5981-ZVXOT,Yes
1684-FLBGS,Yes
1389-WNUIB,Yes
0376-OIWME,No
3585-ISXZP,Yes
0218-QNVAS,Yes
6583-QGCSI,Yes
0804-YGEQV,Yes
7164-BPTUT,Yes
4174-LPGTI,No
2523-EWWZL,No
0928-XUTSN,No
0052-YNYOT,No
6304-IJFSQ,No
9586-JGQKH,Yes
6075-SLNIL,Yes
9347-AERRL,No
0093-XWZFY,Yes
1980-KXVPM,Yes
7703-ZEKEF,Yes
0723-DRCLG,Yes
5482-NUPNA,No
6691-CCIHA,Yes
1685-BQULA,Yes
9053-EJUNL,Yes
0666-UXTJO,No
1471-GIQKQ,No
4807-IZYOZ,No
1122-JWTJW,No
9710-NJERN,No
9837-FWLCH,No
1699-HPSBG,No
7203-OYKCT,Yes
1035-IPQPU,Yes
7398-LXGYX,Yes
2823-LKABH,Yes
8775-CEBBJ,No
0550-DCXLH,No
9281-CEDRU,No
0871-OPBXW,No
3605-JISKB,Yes
6894-LFHLY,Yes
9767-FFLEM,No
0639-TSIQW,Yes
8456-QDAVC,No
2569-WGERO,No
6840-RESVB,Yes
2234-XADUH,Yes
8361-LTMKD,Yes
3186-AJIEK,No
